Instance,m,n,LowerBound,Iterations,Runtime(s),Status
Inst_m2_n10_pi0.2_TF0.4_R0.4_1.txt,2,10,85.03,6,0.0607,Within1800
Inst_m2_n10_pi0.2_TF0.4_R0.4_2.txt,2,10,35.38,401,0.0405,Within1800
Inst_m2_n10_pi0.2_TF0.4_R0.4_3.txt,2,10,128.21,85,0.0691,Within1800
Inst_m2_n10_pi0.2_TF0.4_R0.4_4.txt,2,10,93.11,1,0.0617,Within1800
Inst_m2_n10_pi0.2_TF0.4_R0.4_5.txt,2,10,199.26,52,0.0534,Within1800
Inst_m2_n10_pi0.2_TF0.4_R0.4_6.txt,2,10,154.45,110,0.0586,Within1800
Inst_m2_n10_pi0.2_TF0.4_R0.4_7.txt,2,10,105.67,10,0.0611,Within1800
Inst_m2_n10_pi0.2_TF0.4_R0.4_8.txt,2,10,156.23,436,0.0433,Within1800
Inst_m2_n10_pi0.2_TF0.4_R0.4_9.txt,2,10,74.37,47,0.0487,Within1800
Inst_m2_n10_pi0.2_TF0.4_R0.4_10.txt,2,10,234.42,8,0.0788,Within1800
Inst_m2_n10_pi0.2_TF0.4_R0.6_1.txt,2,10,125.37,57,0.0762,Within1800
Inst_m2_n10_pi0.2_TF0.4_R0.6_2.txt,2,10,69.99,335,0.0362,Within1800
Inst_m2_n10_pi0.2_TF0.4_R0.6_3.txt,2,10,126.90,10,0.0510,Within1800
Inst_m2_n10_pi0.2_TF0.4_R0.6_4.txt,2,10,110.18,10,0.0505,Within1800
Inst_m2_n10_pi0.2_TF0.4_R0.6_5.txt,2,10,125.68,6,0.0633,Within1800
Inst_m2_n10_pi0.2_TF0.4_R0.6_6.txt,2,10,49.18,12,0.0505,Within1800
Inst_m2_n10_pi0.2_TF0.4_R0.6_7.txt,2,10,107.97,70,0.0548,Within1800
Inst_m2_n10_pi0.2_TF0.4_R0.6_8.txt,2,10,121.37,58,0.0495,Within1800
Inst_m2_n10_pi0.2_TF0.4_R0.6_9.txt,2,10,72.74,312,0.0335,Within1800
Inst_m2_n10_pi0.2_TF0.4_R0.6_10.txt,2,10,73.30,438,0.0424,Within1800
Inst_m2_n10_pi0.2_TF0.6_R0.4_1.txt,2,10,1488.68,3,0.0782,Within1800
Inst_m2_n10_pi0.2_TF0.6_R0.4_2.txt,2,10,1458.31,2,0.0768,Within1800
Inst_m2_n10_pi0.2_TF0.6_R0.4_3.txt,2,10,762.84,38,0.0739,Within1800
Inst_m2_n10_pi0.2_TF0.6_R0.4_4.txt,2,10,255.27,26,0.0697,Within1800
Inst_m2_n10_pi0.2_TF0.6_R0.4_5.txt,2,10,932.91,50,0.0559,Within1800
Inst_m2_n10_pi0.2_TF0.6_R0.4_6.txt,2,10,1131.48,0,0.0482,Within1800
Inst_m2_n10_pi0.2_TF0.6_R0.4_7.txt,2,10,543.91,44,0.0666,Within1800
Inst_m2_n10_pi0.2_TF0.6_R0.4_8.txt,2,10,644.77,16,0.0590,Within1800
Inst_m2_n10_pi0.2_TF0.6_R0.4_9.txt,2,10,903.14,4,0.0429,Within1800
Inst_m2_n10_pi0.2_TF0.6_R0.4_10.txt,2,10,1173.55,23,0.0551,Within1800
Inst_m2_n10_pi0.2_TF0.6_R0.6_1.txt,2,10,1045.26,26,0.0523,Within1800
Inst_m2_n10_pi0.2_TF0.6_R0.6_2.txt,2,10,775.34,0,0.0644,Within1800
Inst_m2_n10_pi0.2_TF0.6_R0.6_3.txt,2,10,1101.77,44,0.0550,Within1800
Inst_m2_n10_pi0.2_TF0.6_R0.6_4.txt,2,10,128.26,90,0.0475,Within1800
Inst_m2_n10_pi0.2_TF0.6_R0.6_5.txt,2,10,29.44,68,0.0436,Within1800
Inst_m2_n10_pi0.2_TF0.6_R0.6_6.txt,2,10,624.62,16,0.0446,Within1800
Inst_m2_n10_pi0.2_TF0.6_R0.6_7.txt,2,10,625.05,11,0.0411,Within1800
Inst_m2_n10_pi0.2_TF0.6_R0.6_8.txt,2,10,418.60,1,0.0606,Within1800
Inst_m2_n10_pi0.2_TF0.6_R0.6_9.txt,2,10,520.48,38,0.0445,Within1800
Inst_m2_n10_pi0.2_TF0.6_R0.6_10.txt,2,10,332.70,30,0.0568,Within1800
Inst_m2_n10_pi0.5_TF0.4_R0.4_1.txt,2,10,332.04,23,0.0536,Within1800
Inst_m2_n10_pi0.5_TF0.4_R0.4_2.txt,2,10,323.09,12,0.0401,Within1800
Inst_m2_n10_pi0.5_TF0.4_R0.4_3.txt,2,10,289.35,19,0.0415,Within1800
Inst_m2_n10_pi0.5_TF0.4_R0.4_4.txt,2,10,191.36,17,0.0367,Within1800
Inst_m2_n10_pi0.5_TF0.4_R0.4_5.txt,2,10,337.26,84,0.0526,Within1800
Inst_m2_n10_pi0.5_TF0.4_R0.4_6.txt,2,10,96.98,24,0.0345,Within1800
Inst_m2_n10_pi0.5_TF0.4_R0.4_7.txt,2,10,99.89,5,0.0452,Within1800
Inst_m2_n10_pi0.5_TF0.4_R0.4_8.txt,2,10,155.34,19,0.0348,Within1800
Inst_m2_n10_pi0.5_TF0.4_R0.4_9.txt,2,10,680.95,9,0.0634,Within1800
Inst_m2_n10_pi0.5_TF0.4_R0.4_10.txt,2,10,271.54,105,0.0441,Within1800
Inst_m2_n10_pi0.5_TF0.4_R0.6_1.txt,2,10,132.55,27,0.0463,Within1800
Inst_m2_n10_pi0.5_TF0.4_R0.6_2.txt,2,10,144.46,20,0.0433,Within1800
Inst_m2_n10_pi0.5_TF0.4_R0.6_3.txt,2,10,139.50,1,0.0613,Within1800
Inst_m2_n10_pi0.5_TF0.4_R0.6_4.txt,2,10,277.75,23,0.0405,Within1800
Inst_m2_n10_pi0.5_TF0.4_R0.6_5.txt,2,10,273.18,43,0.0584,Within1800
Inst_m2_n10_pi0.5_TF0.4_R0.6_6.txt,2,10,463.76,2,0.0889,Within1800
Inst_m2_n10_pi0.5_TF0.4_R0.6_7.txt,2,10,281.34,3,0.0685,Within1800
Inst_m2_n10_pi0.5_TF0.4_R0.6_8.txt,2,10,526.23,10,0.0580,Within1800
Inst_m2_n10_pi0.5_TF0.4_R0.6_9.txt,2,10,530.30,9,0.0656,Within1800
Inst_m2_n10_pi0.5_TF0.4_R0.6_10.txt,2,10,195.20,1,0.0311,Within1800
Inst_m2_n10_pi0.5_TF0.6_R0.4_1.txt,2,10,338.94,76,0.0468,Within1800
Inst_m2_n10_pi0.5_TF0.6_R0.4_2.txt,2,10,211.33,16,0.0602,Within1800
Inst_m2_n10_pi0.5_TF0.6_R0.4_3.txt,2,10,301.64,36,0.0514,Within1800
Inst_m2_n10_pi0.5_TF0.6_R0.4_4.txt,2,10,182.71,2,0.0545,Within1800
Inst_m2_n10_pi0.5_TF0.6_R0.4_5.txt,2,10,621.50,40,0.0502,Within1800
Inst_m2_n10_pi0.5_TF0.6_R0.4_6.txt,2,10,824.76,20,0.0738,Within1800
Inst_m2_n10_pi0.5_TF0.6_R0.4_7.txt,2,10,1590.90,3,0.0893,Within1800
Inst_m2_n10_pi0.5_TF0.6_R0.4_8.txt,2,10,577.85,32,0.0405,Within1800
Inst_m2_n10_pi0.5_TF0.6_R0.4_9.txt,2,10,1148.84,2,0.0687,Within1800
Inst_m2_n10_pi0.5_TF0.6_R0.4_10.txt,2,10,506.35,28,0.0719,Within1800
Inst_m2_n10_pi0.5_TF0.6_R0.6_1.txt,2,10,325.03,46,0.0714,Within1800
Inst_m2_n10_pi0.5_TF0.6_R0.6_2.txt,2,10,323.10,19,0.0737,Within1800
Inst_m2_n10_pi0.5_TF0.6_R0.6_3.txt,2,10,1014.95,3,0.0611,Within1800
Inst_m2_n10_pi0.5_TF0.6_R0.6_4.txt,2,10,1251.83,26,0.0536,Within1800
Inst_m2_n10_pi0.5_TF0.6_R0.6_5.txt,2,10,469.67,31,0.0602,Within1800
Inst_m2_n10_pi0.5_TF0.6_R0.6_6.txt,2,10,355.18,66,0.0463,Within1800
Inst_m2_n10_pi0.5_TF0.6_R0.6_7.txt,2,10,346.43,33,0.0641,Within1800
Inst_m2_n10_pi0.5_TF0.6_R0.6_8.txt,2,10,195.28,17,0.0581,Within1800
Inst_m2_n10_pi0.5_TF0.6_R0.6_9.txt,2,10,1021.65,1,0.0780,Within1800
Inst_m2_n10_pi0.5_TF0.6_R0.6_10.txt,2,10,731.30,90,0.0638,Within1800
Inst_m2_n10_pi1.0_TF0.4_R0.4_1.txt,2,10,307.62,19,0.0487,Within1800
Inst_m2_n10_pi1.0_TF0.4_R0.4_2.txt,2,10,399.71,33,0.0637,Within1800
Inst_m2_n10_pi1.0_TF0.4_R0.4_3.txt,2,10,524.13,61,0.0647,Within1800
Inst_m2_n10_pi1.0_TF0.4_R0.4_4.txt,2,10,234.52,32,0.0444,Within1800
Inst_m2_n10_pi1.0_TF0.4_R0.4_5.txt,2,10,1008.29,2,0.0691,Within1800
Inst_m2_n10_pi1.0_TF0.4_R0.4_6.txt,2,10,908.97,54,0.0591,Within1800
Inst_m2_n10_pi1.0_TF0.4_R0.4_7.txt,2,10,491.94,88,0.0513,Within1800
Inst_m2_n10_pi1.0_TF0.4_R0.4_8.txt,2,10,509.31,2,0.0620,Within1800
Inst_m2_n10_pi1.0_TF0.4_R0.4_9.txt,2,10,558.18,16,0.0649,Within1800
Inst_m2_n10_pi1.0_TF0.4_R0.4_10.txt,2,10,290.21,0,0.0564,Within1800
Inst_m2_n10_pi1.0_TF0.4_R0.6_1.txt,2,10,522.47,56,0.0319,Within1800
Inst_m2_n10_pi1.0_TF0.4_R0.6_2.txt,2,10,324.90,78,0.0402,Within1800
Inst_m2_n10_pi1.0_TF0.4_R0.6_3.txt,2,10,792.18,14,0.0641,Within1800
Inst_m2_n10_pi1.0_TF0.4_R0.6_4.txt,2,10,304.84,23,0.0391,Within1800
Inst_m2_n10_pi1.0_TF0.4_R0.6_5.txt,2,10,418.51,17,0.0316,Within1800
Inst_m2_n10_pi1.0_TF0.4_R0.6_6.txt,2,10,295.23,43,0.0539,Within1800
Inst_m2_n10_pi1.0_TF0.4_R0.6_7.txt,2,10,416.97,6,0.0424,Within1800
Inst_m2_n10_pi1.0_TF0.4_R0.6_8.txt,2,10,946.08,55,0.0428,Within1800
Inst_m2_n10_pi1.0_TF0.4_R0.6_9.txt,2,10,481.50,77,0.0514,Within1800
Inst_m2_n10_pi1.0_TF0.4_R0.6_10.txt,2,10,443.09,6,0.0372,Within1800
Inst_m2_n10_pi1.0_TF0.6_R0.4_1.txt,2,10,1062.68,39,0.0622,Within1800
Inst_m2_n10_pi1.0_TF0.6_R0.4_2.txt,2,10,891.91,10,0.0517,Within1800
Inst_m2_n10_pi1.0_TF0.6_R0.4_3.txt,2,10,499.69,77,0.0647,Within1800
Inst_m2_n10_pi1.0_TF0.6_R0.4_4.txt,2,10,1345.24,45,0.0595,Within1800
Inst_m2_n10_pi1.0_TF0.6_R0.4_5.txt,2,10,1144.50,49,0.0577,Within1800
Inst_m2_n10_pi1.0_TF0.6_R0.4_6.txt,2,10,193.86,19,0.0350,Within1800
Inst_m2_n10_pi1.0_TF0.6_R0.4_7.txt,2,10,1782.00,12,0.0617,Within1800
Inst_m2_n10_pi1.0_TF0.6_R0.4_8.txt,2,10,1148.88,4,0.0756,Within1800
Inst_m2_n10_pi1.0_TF0.6_R0.4_9.txt,2,10,1604.92,17,0.0500,Within1800
Inst_m2_n10_pi1.0_TF0.6_R0.4_10.txt,2,10,567.97,14,0.0467,Within1800
Inst_m2_n10_pi1.0_TF0.6_R0.6_1.txt,2,10,1083.98,117,0.0796,Within1800
Inst_m2_n10_pi1.0_TF0.6_R0.6_2.txt,2,10,1500.92,36,0.0840,Within1800
Inst_m2_n10_pi1.0_TF0.6_R0.6_3.txt,2,10,1198.65,19,0.0907,Within1800
Inst_m2_n10_pi1.0_TF0.6_R0.6_4.txt,2,10,502.62,113,0.0324,Within1800
Inst_m2_n10_pi1.0_TF0.6_R0.6_5.txt,2,10,752.69,122,0.0742,Within1800
Inst_m2_n10_pi1.0_TF0.6_R0.6_6.txt,2,10,1464.46,24,0.0919,Within1800
Inst_m2_n10_pi1.0_TF0.6_R0.6_7.txt,2,10,615.14,53,0.0409,Within1800
Inst_m2_n10_pi1.0_TF0.6_R0.6_8.txt,2,10,2029.65,17,0.0776,Within1800
Inst_m2_n10_pi1.0_TF0.6_R0.6_9.txt,2,10,1071.88,14,0.0703,Within1800
Inst_m2_n10_pi1.0_TF0.6_R0.6_10.txt,2,10,1432.68,5,0.0729,Within1800
Inst_m2_n10_pi2.0_TF0.4_R0.4_1.txt,2,10,948.22,93,0.0394,Within1800
Inst_m2_n10_pi2.0_TF0.4_R0.4_2.txt,2,10,1569.84,26,0.0648,Within1800
Inst_m2_n10_pi2.0_TF0.4_R0.4_3.txt,2,10,1236.84,132,0.0555,Within1800
Inst_m2_n10_pi2.0_TF0.4_R0.4_4.txt,2,10,2526.87,2,0.0669,Within1800
Inst_m2_n10_pi2.0_TF0.4_R0.4_5.txt,2,10,1580.03,8,0.0422,Within1800
Inst_m2_n10_pi2.0_TF0.4_R0.4_6.txt,2,10,1163.30,18,0.0269,Within1800
Inst_m2_n10_pi2.0_TF0.4_R0.4_7.txt,2,10,1147.49,118,0.0431,Within1800
Inst_m2_n10_pi2.0_TF0.4_R0.4_8.txt,2,10,829.93,16,0.0617,Within1800
Inst_m2_n10_pi2.0_TF0.4_R0.4_9.txt,2,10,1354.67,25,0.0544,Within1800
Inst_m2_n10_pi2.0_TF0.4_R0.4_10.txt,2,10,234.26,132,0.0360,Within1800
Inst_m2_n10_pi2.0_TF0.4_R0.6_1.txt,2,10,328.88,19,0.0561,Within1800
Inst_m2_n10_pi2.0_TF0.4_R0.6_2.txt,2,10,649.81,0,0.0521,Within1800
Inst_m2_n10_pi2.0_TF0.4_R0.6_3.txt,2,10,591.65,57,0.0554,Within1800
Inst_m2_n10_pi2.0_TF0.4_R0.6_4.txt,2,10,1970.97,1,0.0709,Within1800
Inst_m2_n10_pi2.0_TF0.4_R0.6_5.txt,2,10,807.82,14,0.0418,Within1800
Inst_m2_n10_pi2.0_TF0.4_R0.6_6.txt,2,10,849.57,24,0.0547,Within1800
Inst_m2_n10_pi2.0_TF0.4_R0.6_7.txt,2,10,954.41,36,0.0613,Within1800
Inst_m2_n10_pi2.0_TF0.4_R0.6_8.txt,2,10,1748.89,8,0.0455,Within1800
Inst_m2_n10_pi2.0_TF0.4_R0.6_9.txt,2,10,1294.93,134,0.0573,Within1800
Inst_m2_n10_pi2.0_TF0.4_R0.6_10.txt,2,10,1859.97,197,0.0542,Within1800
Inst_m2_n10_pi2.0_TF0.6_R0.4_1.txt,2,10,1839.30,377,0.0882,Within1800
Inst_m2_n10_pi2.0_TF0.6_R0.4_2.txt,2,10,2695.68,227,0.0560,Within1800
Inst_m2_n10_pi2.0_TF0.6_R0.4_3.txt,2,10,2186.16,425,0.1069,Within1800
Inst_m2_n10_pi2.0_TF0.6_R0.4_4.txt,2,10,973.42,352,0.0787,Within1800
Inst_m2_n10_pi2.0_TF0.6_R0.4_5.txt,2,10,1933.67,24,0.0326,Within1800
Inst_m2_n10_pi2.0_TF0.6_R0.4_6.txt,2,10,1137.21,11,0.0310,Within1800
Inst_m2_n10_pi2.0_TF0.6_R0.4_7.txt,2,10,1879.15,304,0.0592,Within1800
Inst_m2_n10_pi2.0_TF0.6_R0.4_8.txt,2,10,2654.54,426,0.1017,Within1800
Inst_m2_n10_pi2.0_TF0.6_R0.4_9.txt,2,10,1442.28,197,0.0459,Within1800
Inst_m2_n10_pi2.0_TF0.6_R0.4_10.txt,2,10,587.34,376,0.0743,Within1800
Inst_m2_n10_pi2.0_TF0.6_R0.6_1.txt,2,10,921.29,14,0.0272,Within1800
Inst_m2_n10_pi2.0_TF0.6_R0.6_2.txt,2,10,896.48,451,0.1029,Within1800
Inst_m2_n10_pi2.0_TF0.6_R0.6_3.txt,2,10,1961.99,301,0.0459,Within1800
Inst_m2_n10_pi2.0_TF0.6_R0.6_4.txt,2,10,2111.83,319,0.0476,Within1800
Inst_m2_n10_pi2.0_TF0.6_R0.6_5.txt,2,10,767.38,371,0.0661,Within1800
Inst_m2_n10_pi2.0_TF0.6_R0.6_6.txt,2,10,1725.03,361,0.0582,Within1800
Inst_m2_n10_pi2.0_TF0.6_R0.6_7.txt,2,10,1179.79,329,0.0485,Within1800
Inst_m2_n10_pi2.0_TF0.6_R0.6_8.txt,2,10,2010.72,402,0.0729,Within1800
Inst_m2_n10_pi2.0_TF0.6_R0.6_9.txt,2,10,1704.33,398,0.0643,Within1800
Inst_m2_n10_pi2.0_TF0.6_R0.6_10.txt,2,10,1720.33,456,0.0867,Within1800
Inst_m2_n14_pi0.2_TF0.4_R0.4_1.txt,2,14,88.29,3,0.0786,Within1800
Inst_m2_n14_pi0.2_TF0.4_R0.4_2.txt,2,14,67.67,690,0.0662,Within1800
Inst_m2_n14_pi0.2_TF0.4_R0.4_3.txt,2,14,149.76,19,0.0891,Within1800
Inst_m2_n14_pi0.2_TF0.4_R0.4_4.txt,2,14,123.54,804,0.0745,Within1800
Inst_m2_n14_pi0.2_TF0.4_R0.4_5.txt,2,14,153.61,662,0.0645,Within1800
Inst_m2_n14_pi0.2_TF0.4_R0.4_6.txt,2,14,109.61,4,0.0953,Within1800
Inst_m2_n14_pi0.2_TF0.4_R0.4_7.txt,2,14,140.13,1,0.0906,Within1800
Inst_m2_n14_pi0.2_TF0.4_R0.4_8.txt,2,14,476.46,42,0.1350,Within1800
Inst_m2_n14_pi0.2_TF0.4_R0.4_9.txt,2,14,376.45,41,0.0839,Within1800
Inst_m2_n14_pi0.2_TF0.4_R0.4_10.txt,2,14,113.96,786,0.0732,Within1800
Inst_m2_n14_pi0.2_TF0.4_R0.6_1.txt,2,14,163.94,7,0.0813,Within1800
Inst_m2_n14_pi0.2_TF0.4_R0.6_2.txt,2,14,65.67,5,0.0787,Within1800
Inst_m2_n14_pi0.2_TF0.4_R0.6_3.txt,2,14,211.65,12,0.0803,Within1800
Inst_m2_n14_pi0.2_TF0.4_R0.6_4.txt,2,14,74.42,3,0.1160,Within1800
Inst_m2_n14_pi0.2_TF0.4_R0.6_5.txt,2,14,157.60,17,0.0875,Within1800
Inst_m2_n14_pi0.2_TF0.4_R0.6_6.txt,2,14,115.43,58,0.1140,Within1800
Inst_m2_n14_pi0.2_TF0.4_R0.6_7.txt,2,14,127.60,6,0.0892,Within1800
Inst_m2_n14_pi0.2_TF0.4_R0.6_8.txt,2,14,82.80,3,0.0855,Within1800
Inst_m2_n14_pi0.2_TF0.4_R0.6_9.txt,2,14,665.43,119,0.1235,Within1800
Inst_m2_n14_pi0.2_TF0.4_R0.6_10.txt,2,14,244.03,2,0.0910,Within1800
Inst_m2_n14_pi0.2_TF0.6_R0.4_1.txt,2,14,269.61,19,0.0967,Within1800
Inst_m2_n14_pi0.2_TF0.6_R0.4_2.txt,2,14,360.93,5,0.0890,Within1800
Inst_m2_n14_pi0.2_TF0.6_R0.4_3.txt,2,14,916.11,10,0.0959,Within1800
Inst_m2_n14_pi0.2_TF0.6_R0.4_4.txt,2,14,870.87,47,0.1131,Within1800
Inst_m2_n14_pi0.2_TF0.6_R0.4_5.txt,2,14,984.51,6,0.1270,Within1800
Inst_m2_n14_pi0.2_TF0.6_R0.4_6.txt,2,14,1003.13,39,0.1432,Within1800
Inst_m2_n14_pi0.2_TF0.6_R0.4_7.txt,2,14,429.34,0,0.1047,Within1800
Inst_m2_n14_pi0.2_TF0.6_R0.4_8.txt,2,14,280.84,25,0.1081,Within1800
Inst_m2_n14_pi0.2_TF0.6_R0.4_9.txt,2,14,419.35,20,0.0901,Within1800
Inst_m2_n14_pi0.2_TF0.6_R0.4_10.txt,2,14,92.54,95,0.0858,Within1800
Inst_m2_n14_pi0.2_TF0.6_R0.6_1.txt,2,14,478.27,11,0.0879,Within1800
Inst_m2_n14_pi0.2_TF0.6_R0.6_2.txt,2,14,681.17,8,0.1193,Within1800
Inst_m2_n14_pi0.2_TF0.6_R0.6_3.txt,2,14,104.42,10,0.0605,Within1800
Inst_m2_n14_pi0.2_TF0.6_R0.6_4.txt,2,14,834.75,14,0.1166,Within1800
Inst_m2_n14_pi0.2_TF0.6_R0.6_5.txt,2,14,2237.97,108,0.0779,Within1800
Inst_m2_n14_pi0.2_TF0.6_R0.6_6.txt,2,14,1042.48,90,0.1100,Within1800
Inst_m2_n14_pi0.2_TF0.6_R0.6_7.txt,2,14,441.13,10,0.1005,Within1800
Inst_m2_n14_pi0.2_TF0.6_R0.6_8.txt,2,14,1391.85,52,0.0952,Within1800
Inst_m2_n14_pi0.2_TF0.6_R0.6_9.txt,2,14,310.44,43,0.0810,Within1800
Inst_m2_n14_pi0.2_TF0.6_R0.6_10.txt,2,14,948.61,22,0.1165,Within1800
Inst_m2_n14_pi0.5_TF0.4_R0.4_1.txt,2,14,362.24,4,0.0846,Within1800
Inst_m2_n14_pi0.5_TF0.4_R0.4_2.txt,2,14,175.77,49,0.0603,Within1800
Inst_m2_n14_pi0.5_TF0.4_R0.4_3.txt,2,14,310.65,160,0.0460,Within1800
Inst_m2_n14_pi0.5_TF0.4_R0.4_4.txt,2,14,62.77,30,0.0562,Within1800
Inst_m2_n14_pi0.5_TF0.4_R0.4_5.txt,2,14,193.08,109,0.0374,Within1800
Inst_m2_n14_pi0.5_TF0.4_R0.4_6.txt,2,14,174.77,45,0.0681,Within1800
Inst_m2_n14_pi0.5_TF0.4_R0.4_7.txt,2,14,137.35,7,0.0443,Within1800
Inst_m2_n14_pi0.5_TF0.4_R0.4_8.txt,2,14,196.59,90,0.0523,Within1800
Inst_m2_n14_pi0.5_TF0.4_R0.4_9.txt,2,14,196.42,32,0.0507,Within1800
Inst_m2_n14_pi0.5_TF0.4_R0.4_10.txt,2,14,347.18,46,0.0676,Within1800
Inst_m2_n14_pi0.5_TF0.4_R0.6_1.txt,2,14,376.37,86,0.0772,Within1800
Inst_m2_n14_pi0.5_TF0.4_R0.6_2.txt,2,14,294.13,1,0.0981,Within1800
Inst_m2_n14_pi0.5_TF0.4_R0.6_3.txt,2,14,680.28,41,0.0883,Within1800
Inst_m2_n14_pi0.5_TF0.4_R0.6_4.txt,2,14,445.66,133,0.1063,Within1800
Inst_m2_n14_pi0.5_TF0.4_R0.6_5.txt,2,14,219.31,76,0.0697,Within1800
Inst_m2_n14_pi0.5_TF0.4_R0.6_6.txt,2,14,378.79,42,0.0847,Within1800
Inst_m2_n14_pi0.5_TF0.4_R0.6_7.txt,2,14,153.99,25,0.0873,Within1800
Inst_m2_n14_pi0.5_TF0.4_R0.6_8.txt,2,14,182.69,72,0.0677,Within1800
Inst_m2_n14_pi0.5_TF0.4_R0.6_9.txt,2,14,259.27,79,0.0565,Within1800
Inst_m2_n14_pi0.5_TF0.4_R0.6_10.txt,2,14,240.32,25,0.0560,Within1800
Inst_m2_n14_pi0.5_TF0.6_R0.4_1.txt,2,14,1108.50,74,0.1196,Within1800
Inst_m2_n14_pi0.5_TF0.6_R0.4_2.txt,2,14,383.95,10,0.0682,Within1800
Inst_m2_n14_pi0.5_TF0.6_R0.4_3.txt,2,14,838.63,92,0.0848,Within1800
Inst_m2_n14_pi0.5_TF0.6_R0.4_4.txt,2,14,1799.05,63,0.1237,Within1800
Inst_m2_n14_pi0.5_TF0.6_R0.4_5.txt,2,14,1049.97,81,0.1128,Within1800
Inst_m2_n14_pi0.5_TF0.6_R0.4_6.txt,2,14,1037.99,21,0.1012,Within1800
Inst_m2_n14_pi0.5_TF0.6_R0.4_7.txt,2,14,403.10,0,0.1122,Within1800
Inst_m2_n14_pi0.5_TF0.6_R0.4_8.txt,2,14,312.23,216,0.0843,Within1800
Inst_m2_n14_pi0.5_TF0.6_R0.4_9.txt,2,14,660.70,47,0.0864,Within1800
Inst_m2_n14_pi0.5_TF0.6_R0.4_10.txt,2,14,546.27,15,0.0897,Within1800
Inst_m2_n14_pi0.5_TF0.6_R0.6_1.txt,2,14,726.04,58,0.0916,Within1800
Inst_m2_n14_pi0.5_TF0.6_R0.6_2.txt,2,14,938.64,57,0.0859,Within1800
Inst_m2_n14_pi0.5_TF0.6_R0.6_3.txt,2,14,923.73,0,0.0703,Within1800
Inst_m2_n14_pi0.5_TF0.6_R0.6_4.txt,2,14,785.60,39,0.1048,Within1800
Inst_m2_n14_pi0.5_TF0.6_R0.6_5.txt,2,14,329.04,5,0.0987,Within1800
Inst_m2_n14_pi0.5_TF0.6_R0.6_6.txt,2,14,1346.72,29,0.0923,Within1800
Inst_m2_n14_pi0.5_TF0.6_R0.6_7.txt,2,14,919.38,4,0.1268,Within1800
Inst_m2_n14_pi0.5_TF0.6_R0.6_8.txt,2,14,468.58,28,0.0912,Within1800
Inst_m2_n14_pi0.5_TF0.6_R0.6_9.txt,2,14,1298.20,186,0.1465,Within1800
Inst_m2_n14_pi0.5_TF0.6_R0.6_10.txt,2,14,525.65,43,0.0669,Within1800
Inst_m2_n14_pi1.0_TF0.4_R0.4_1.txt,2,14,356.33,36,0.0982,Within1800
Inst_m2_n14_pi1.0_TF0.4_R0.4_2.txt,2,14,524.72,65,0.0703,Within1800
Inst_m2_n14_pi1.0_TF0.4_R0.4_3.txt,2,14,518.33,82,0.0803,Within1800
Inst_m2_n14_pi1.0_TF0.4_R0.4_4.txt,2,14,315.72,88,0.0793,Within1800
Inst_m2_n14_pi1.0_TF0.4_R0.4_5.txt,2,14,535.97,0,0.0945,Within1800
Inst_m2_n14_pi1.0_TF0.4_R0.4_6.txt,2,14,719.81,16,0.0870,Within1800
Inst_m2_n14_pi1.0_TF0.4_R0.4_7.txt,2,14,688.32,7,0.0757,Within1800
Inst_m2_n14_pi1.0_TF0.4_R0.4_8.txt,2,14,724.32,58,0.0625,Within1800
Inst_m2_n14_pi1.0_TF0.4_R0.4_9.txt,2,14,369.38,39,0.0623,Within1800
Inst_m2_n14_pi1.0_TF0.4_R0.4_10.txt,2,14,888.65,19,0.1049,Within1800
Inst_m2_n14_pi1.0_TF0.4_R0.6_1.txt,2,14,671.86,197,0.0939,Within1800
Inst_m2_n14_pi1.0_TF0.4_R0.6_2.txt,2,14,394.33,13,0.0431,Within1800
Inst_m2_n14_pi1.0_TF0.4_R0.6_3.txt,2,14,527.52,144,0.0876,Within1800
Inst_m2_n14_pi1.0_TF0.4_R0.6_4.txt,2,14,615.27,12,0.0591,Within1800
Inst_m2_n14_pi1.0_TF0.4_R0.6_5.txt,2,14,248.29,16,0.0444,Within1800
Inst_m2_n14_pi1.0_TF0.4_R0.6_6.txt,2,14,1289.65,3,0.0979,Within1800
Inst_m2_n14_pi1.0_TF0.4_R0.6_7.txt,2,14,575.79,29,0.0517,Within1800
Inst_m2_n14_pi1.0_TF0.4_R0.6_8.txt,2,14,692.81,21,0.0704,Within1800
Inst_m2_n14_pi1.0_TF0.4_R0.6_9.txt,2,14,912.78,34,0.0819,Within1800
Inst_m2_n14_pi1.0_TF0.4_R0.6_10.txt,2,14,932.62,29,0.0951,Within1800
Inst_m2_n14_pi1.0_TF0.6_R0.4_1.txt,2,14,424.38,47,0.0849,Within1800
Inst_m2_n14_pi1.0_TF0.6_R0.4_2.txt,2,14,479.87,22,0.0761,Within1800
Inst_m2_n14_pi1.0_TF0.6_R0.4_3.txt,2,14,2895.33,27,0.1065,Within1800
Inst_m2_n14_pi1.0_TF0.6_R0.4_4.txt,2,14,1241.23,41,0.0783,Within1800
Inst_m2_n14_pi1.0_TF0.6_R0.4_5.txt,2,14,489.34,29,0.0640,Within1800
Inst_m2_n14_pi1.0_TF0.6_R0.4_6.txt,2,14,246.60,1,0.0570,Within1800
Inst_m2_n14_pi1.0_TF0.6_R0.4_7.txt,2,14,434.27,2,0.0591,Within1800
Inst_m2_n14_pi1.0_TF0.6_R0.4_8.txt,2,14,2068.05,55,0.0920,Within1800
Inst_m2_n14_pi1.0_TF0.6_R0.4_9.txt,2,14,929.40,70,0.0847,Within1800
Inst_m2_n14_pi1.0_TF0.6_R0.4_10.txt,2,14,1174.83,60,0.1042,Within1800
Inst_m2_n14_pi1.0_TF0.6_R0.6_1.txt,2,14,2526.57,20,0.1396,Within1800
Inst_m2_n14_pi1.0_TF0.6_R0.6_2.txt,2,14,569.16,62,0.0784,Within1800
Inst_m2_n14_pi1.0_TF0.6_R0.6_3.txt,2,14,2803.44,148,0.1109,Within1800
Inst_m2_n14_pi1.0_TF0.6_R0.6_4.txt,2,14,678.06,48,0.0648,Within1800
Inst_m2_n14_pi1.0_TF0.6_R0.6_5.txt,2,14,316.56,42,0.0637,Within1800
Inst_m2_n14_pi1.0_TF0.6_R0.6_6.txt,2,14,1034.74,48,0.0989,Within1800
Inst_m2_n14_pi1.0_TF0.6_R0.6_7.txt,2,14,1452.75,12,0.1150,Within1800
Inst_m2_n14_pi1.0_TF0.6_R0.6_8.txt,2,14,1445.76,24,0.1011,Within1800
Inst_m2_n14_pi1.0_TF0.6_R0.6_9.txt,2,14,2392.60,50,0.0777,Within1800
Inst_m2_n14_pi1.0_TF0.6_R0.6_10.txt,2,14,1057.69,20,0.1030,Within1800
Inst_m2_n14_pi2.0_TF0.4_R0.4_1.txt,2,14,805.14,18,0.0560,Within1800
Inst_m2_n14_pi2.0_TF0.4_R0.4_2.txt,2,14,1667.41,69,0.0694,Within1800
Inst_m2_n14_pi2.0_TF0.4_R0.4_3.txt,2,14,442.02,34,0.0902,Within1800
Inst_m2_n14_pi2.0_TF0.4_R0.4_4.txt,2,14,2042.02,8,0.0908,Within1800
Inst_m2_n14_pi2.0_TF0.4_R0.4_5.txt,2,14,1699.45,154,0.0685,Within1800
Inst_m2_n14_pi2.0_TF0.4_R0.4_6.txt,2,14,1519.33,53,0.0752,Within1800
Inst_m2_n14_pi2.0_TF0.4_R0.4_7.txt,2,14,752.16,70,0.0751,Within1800
Inst_m2_n14_pi2.0_TF0.4_R0.4_8.txt,2,14,1066.82,21,0.0724,Within1800
Inst_m2_n14_pi2.0_TF0.4_R0.4_9.txt,2,14,1645.43,5,0.0918,Within1800
Inst_m2_n14_pi2.0_TF0.4_R0.4_10.txt,2,14,754.26,13,0.0577,Within1800
Inst_m2_n14_pi2.0_TF0.4_R0.6_1.txt,2,14,1800.73,29,0.0732,Within1800
Inst_m2_n14_pi2.0_TF0.4_R0.6_2.txt,2,14,1449.37,26,0.0888,Within1800
Inst_m2_n14_pi2.0_TF0.4_R0.6_3.txt,2,14,1228.84,49,0.0665,Within1800
Inst_m2_n14_pi2.0_TF0.4_R0.6_4.txt,2,14,1171.12,18,0.0712,Within1800
Inst_m2_n14_pi2.0_TF0.4_R0.6_5.txt,2,14,773.15,8,0.0557,Within1800
Inst_m2_n14_pi2.0_TF0.4_R0.6_6.txt,2,14,2067.78,13,0.0658,Within1800
Inst_m2_n14_pi2.0_TF0.4_R0.6_7.txt,2,14,1082.12,306,0.0832,Within1800
Inst_m2_n14_pi2.0_TF0.4_R0.6_8.txt,2,14,791.05,9,0.0467,Within1800
Inst_m2_n14_pi2.0_TF0.4_R0.6_9.txt,2,14,682.95,328,0.0735,Within1800
Inst_m2_n14_pi2.0_TF0.4_R0.6_10.txt,2,14,1708.95,165,0.0617,Within1800
Inst_m2_n14_pi2.0_TF0.6_R0.4_1.txt,2,14,2244.22,837,0.1600,Within1800
Inst_m2_n14_pi2.0_TF0.6_R0.4_2.txt,2,14,1889.44,428,0.0726,Within1800
Inst_m2_n14_pi2.0_TF0.6_R0.4_3.txt,2,14,2238.37,782,0.1024,Within1800
Inst_m2_n14_pi2.0_TF0.6_R0.4_4.txt,2,14,1349.95,901,0.2410,Within1800
Inst_m2_n14_pi2.0_TF0.6_R0.4_5.txt,2,14,2046.71,508,0.0709,Within1800
Inst_m2_n14_pi2.0_TF0.6_R0.4_6.txt,2,14,1173.32,786,0.0950,Within1800
Inst_m2_n14_pi2.0_TF0.6_R0.4_7.txt,2,14,1298.70,752,0.0870,Within1800
Inst_m2_n14_pi2.0_TF0.6_R0.4_8.txt,2,14,2046.47,811,0.1329,Within1800
Inst_m2_n14_pi2.0_TF0.6_R0.4_9.txt,2,14,2744.06,857,0.1379,Within1800
Inst_m2_n14_pi2.0_TF0.6_R0.4_10.txt,2,14,918.84,822,0.1291,Within1800
Inst_m2_n14_pi2.0_TF0.6_R0.6_1.txt,2,14,3475.75,914,0.2808,Within1800
Inst_m2_n14_pi2.0_TF0.6_R0.6_2.txt,2,14,3180.06,916,0.2840,Within1800
Inst_m2_n14_pi2.0_TF0.6_R0.6_3.txt,2,14,1623.50,546,0.0588,Within1800
Inst_m2_n14_pi2.0_TF0.6_R0.6_4.txt,2,14,1380.39,811,0.1199,Within1800
Inst_m2_n14_pi2.0_TF0.6_R0.6_5.txt,2,14,2255.34,910,0.2705,Within1800
Inst_m2_n14_pi2.0_TF0.6_R0.6_6.txt,2,14,1913.69,760,0.0692,Within1800
Inst_m2_n14_pi2.0_TF0.6_R0.6_7.txt,2,14,1964.86,866,0.1644,Within1800
Inst_m2_n14_pi2.0_TF0.6_R0.6_8.txt,2,14,2000.12,909,0.2628,Within1800
Inst_m2_n14_pi2.0_TF0.6_R0.6_9.txt,2,14,2030.56,873,0.1641,Within1800
Inst_m2_n14_pi2.0_TF0.6_R0.6_10.txt,2,14,1847.72,908,0.2609,Within1800
Inst_m3_n15_pi0.2_TF0.4_R0.4_1.txt,3,15,112.39,19,0.1008,Within1800
Inst_m3_n15_pi0.2_TF0.4_R0.4_2.txt,3,15,76.25,8,0.1095,Within1800
Inst_m3_n15_pi0.2_TF0.4_R0.4_3.txt,3,15,126.55,5,0.1082,Within1800
Inst_m3_n15_pi0.2_TF0.4_R0.4_4.txt,3,15,86.32,1,0.1126,Within1800
Inst_m3_n15_pi0.2_TF0.4_R0.4_5.txt,3,15,142.27,12,0.1120,Within1800
Inst_m3_n15_pi0.2_TF0.4_R0.4_6.txt,3,15,84.16,8,0.0850,Within1800
Inst_m3_n15_pi0.2_TF0.4_R0.4_7.txt,3,15,170.87,28,0.0744,Within1800
Inst_m3_n15_pi0.2_TF0.4_R0.4_8.txt,3,15,75.91,41,0.1036,Within1800
Inst_m3_n15_pi0.2_TF0.4_R0.4_9.txt,3,15,89.28,4,0.0886,Within1800
Inst_m3_n15_pi0.2_TF0.4_R0.4_10.txt,3,15,68.84,15,0.0899,Within1800
Inst_m3_n15_pi0.2_TF0.4_R0.6_1.txt,3,15,86.90,4,0.0846,Within1800
Inst_m3_n15_pi0.2_TF0.4_R0.6_2.txt,3,15,41.32,8,0.0723,Within1800
Inst_m3_n15_pi0.2_TF0.4_R0.6_3.txt,3,15,107.41,37,0.0762,Within1800
Inst_m3_n15_pi0.2_TF0.4_R0.6_4.txt,3,15,120.56,14,0.1283,Within1800
Inst_m3_n15_pi0.2_TF0.4_R0.6_5.txt,3,15,191.70,36,0.1164,Within1800
Inst_m3_n15_pi0.2_TF0.4_R0.6_6.txt,3,15,177.32,93,0.1374,Within1800
Inst_m3_n15_pi0.2_TF0.4_R0.6_7.txt,3,15,94.11,473,0.0694,Within1800
Inst_m3_n15_pi0.2_TF0.4_R0.6_8.txt,3,15,68.39,14,0.0957,Within1800
Inst_m3_n15_pi0.2_TF0.4_R0.6_9.txt,3,15,99.87,5,0.0946,Within1800
Inst_m3_n15_pi0.2_TF0.4_R0.6_10.txt,3,15,70.75,10,0.1675,Within1800
Inst_m3_n15_pi0.2_TF0.6_R0.4_1.txt,3,15,482.34,90,0.1366,Within1800
Inst_m3_n15_pi0.2_TF0.6_R0.4_2.txt,3,15,224.28,25,0.1068,Within1800
Inst_m3_n15_pi0.2_TF0.6_R0.4_3.txt,3,15,67.90,0,0.1072,Within1800
Inst_m3_n15_pi0.2_TF0.6_R0.4_4.txt,3,15,84.86,28,0.1018,Within1800
Inst_m3_n15_pi0.2_TF0.6_R0.4_5.txt,3,15,270.44,5,0.0976,Within1800
Inst_m3_n15_pi0.2_TF0.6_R0.4_6.txt,3,15,93.78,42,0.0991,Within1800
Inst_m3_n15_pi0.2_TF0.6_R0.4_7.txt,3,15,209.22,83,0.1207,Within1800
Inst_m3_n15_pi0.2_TF0.6_R0.4_8.txt,3,15,68.20,86,0.0711,Within1800
Inst_m3_n15_pi0.2_TF0.6_R0.4_9.txt,3,15,211.62,28,0.0853,Within1800
Inst_m3_n15_pi0.2_TF0.6_R0.4_10.txt,3,15,111.57,16,0.0759,Within1800
Inst_m3_n15_pi0.2_TF0.6_R0.6_1.txt,3,15,424.71,6,0.1225,Within1800
Inst_m3_n15_pi0.2_TF0.6_R0.6_2.txt,3,15,901.51,28,0.1162,Within1800
Inst_m3_n15_pi0.2_TF0.6_R0.6_3.txt,3,15,334.66,6,0.1019,Within1800
Inst_m3_n15_pi0.2_TF0.6_R0.6_4.txt,3,15,120.05,39,0.1065,Within1800
Inst_m3_n15_pi0.2_TF0.6_R0.6_5.txt,3,15,307.06,12,0.0967,Within1800
Inst_m3_n15_pi0.2_TF0.6_R0.6_6.txt,3,15,274.00,69,0.0911,Within1800
Inst_m3_n15_pi0.2_TF0.6_R0.6_7.txt,3,15,259.44,34,0.0981,Within1800
Inst_m3_n15_pi0.2_TF0.6_R0.6_8.txt,3,15,108.96,47,0.0770,Within1800
Inst_m3_n15_pi0.2_TF0.6_R0.6_9.txt,3,15,912.77,30,0.1478,Within1800
Inst_m3_n15_pi0.2_TF0.6_R0.6_10.txt,3,15,288.18,38,0.0743,Within1800
Inst_m3_n15_pi0.5_TF0.4_R0.4_1.txt,3,15,222.63,16,0.0670,Within1800
Inst_m3_n15_pi0.5_TF0.4_R0.4_2.txt,3,15,143.69,16,0.0860,Within1800
Inst_m3_n15_pi0.5_TF0.4_R0.4_3.txt,3,15,399.91,68,0.1074,Within1800
Inst_m3_n15_pi0.5_TF0.4_R0.4_4.txt,3,15,138.73,48,0.0675,Within1800
Inst_m3_n15_pi0.5_TF0.4_R0.4_5.txt,3,15,194.30,6,0.1054,Within1800
Inst_m3_n15_pi0.5_TF0.4_R0.4_6.txt,3,15,102.53,113,0.0882,Within1800
Inst_m3_n15_pi0.5_TF0.4_R0.4_7.txt,3,15,244.22,103,0.0864,Within1800
Inst_m3_n15_pi0.5_TF0.4_R0.4_8.txt,3,15,312.30,2,0.0831,Within1800
Inst_m3_n15_pi0.5_TF0.4_R0.4_9.txt,3,15,158.58,70,0.0595,Within1800
Inst_m3_n15_pi0.5_TF0.4_R0.4_10.txt,3,15,136.14,1,0.0844,Within1800
Inst_m3_n15_pi0.5_TF0.4_R0.6_1.txt,3,15,213.78,12,0.0701,Within1800
Inst_m3_n15_pi0.5_TF0.4_R0.6_2.txt,3,15,436.82,129,0.1070,Within1800
Inst_m3_n15_pi0.5_TF0.4_R0.6_3.txt,3,15,414.93,4,0.0565,Within1800
Inst_m3_n15_pi0.5_TF0.4_R0.6_4.txt,3,15,332.42,58,0.0699,Within1800
Inst_m3_n15_pi0.5_TF0.4_R0.6_5.txt,3,15,341.90,4,0.0581,Within1800
Inst_m3_n15_pi0.5_TF0.4_R0.6_6.txt,3,15,191.24,2,0.0563,Within1800
Inst_m3_n15_pi0.5_TF0.4_R0.6_7.txt,3,15,360.14,10,0.0685,Within1800
Inst_m3_n15_pi0.5_TF0.4_R0.6_8.txt,3,15,269.99,127,0.0835,Within1800
Inst_m3_n15_pi0.5_TF0.4_R0.6_9.txt,3,15,303.71,38,0.0981,Within1800
Inst_m3_n15_pi0.5_TF0.4_R0.6_10.txt,3,15,336.89,25,0.1115,Within1800
Inst_m3_n15_pi0.5_TF0.6_R0.4_1.txt,3,15,324.96,118,0.1032,Within1800
Inst_m3_n15_pi0.5_TF0.6_R0.4_2.txt,3,15,304.60,6,0.1200,Within1800
Inst_m3_n15_pi0.5_TF0.6_R0.4_3.txt,3,15,443.70,8,0.1167,Within1800
Inst_m3_n15_pi0.5_TF0.6_R0.4_4.txt,3,15,283.91,17,0.0785,Within1800
Inst_m3_n15_pi0.5_TF0.6_R0.4_5.txt,3,15,344.02,2,0.1193,Within1800
Inst_m3_n15_pi0.5_TF0.6_R0.4_6.txt,3,15,252.93,125,0.0903,Within1800
Inst_m3_n15_pi0.5_TF0.6_R0.4_7.txt,3,15,318.92,40,0.1110,Within1800
Inst_m3_n15_pi0.5_TF0.6_R0.4_8.txt,3,15,387.18,90,0.1383,Within1800
Inst_m3_n15_pi0.5_TF0.6_R0.4_9.txt,3,15,266.85,39,0.1068,Within1800
Inst_m3_n15_pi0.5_TF0.6_R0.4_10.txt,3,15,90.97,26,0.0836,Within1800
Inst_m3_n15_pi0.5_TF0.6_R0.6_1.txt,3,15,338.22,28,0.0944,Within1800
Inst_m3_n15_pi0.5_TF0.6_R0.6_2.txt,3,15,156.31,36,0.0853,Within1800
Inst_m3_n15_pi0.5_TF0.6_R0.6_3.txt,3,15,136.38,10,0.0728,Within1800
Inst_m3_n15_pi0.5_TF0.6_R0.6_4.txt,3,15,600.36,18,0.0983,Within1800
Inst_m3_n15_pi0.5_TF0.6_R0.6_5.txt,3,15,765.01,92,0.1188,Within1800
Inst_m3_n15_pi0.5_TF0.6_R0.6_6.txt,3,15,313.60,117,0.1210,Within1800
Inst_m3_n15_pi0.5_TF0.6_R0.6_7.txt,3,15,321.97,20,0.0752,Within1800
Inst_m3_n15_pi0.5_TF0.6_R0.6_8.txt,3,15,141.68,42,0.0870,Within1800
Inst_m3_n15_pi0.5_TF0.6_R0.6_9.txt,3,15,386.67,16,0.0806,Within1800
Inst_m3_n15_pi0.5_TF0.6_R0.6_10.txt,3,15,921.04,22,0.1418,Within1800
Inst_m3_n15_pi1.0_TF0.4_R0.4_1.txt,3,15,543.58,30,0.0900,Within1800
Inst_m3_n15_pi1.0_TF0.4_R0.4_2.txt,3,15,385.54,19,0.0640,Within1800
Inst_m3_n15_pi1.0_TF0.4_R0.4_3.txt,3,15,266.41,1,0.1061,Within1800
Inst_m3_n15_pi1.0_TF0.4_R0.4_4.txt,3,15,317.80,9,0.0917,Within1800
Inst_m3_n15_pi1.0_TF0.4_R0.4_5.txt,3,15,174.48,130,0.0808,Within1800
Inst_m3_n15_pi1.0_TF0.4_R0.4_6.txt,3,15,547.49,79,0.0748,Within1800
Inst_m3_n15_pi1.0_TF0.4_R0.4_7.txt,3,15,754.14,92,0.0712,Within1800
Inst_m3_n15_pi1.0_TF0.4_R0.4_8.txt,3,15,466.27,9,0.0803,Within1800
Inst_m3_n15_pi1.0_TF0.4_R0.4_9.txt,3,15,546.97,93,0.0695,Within1800
Inst_m3_n15_pi1.0_TF0.4_R0.4_10.txt,3,15,623.49,23,0.0740,Within1800
Inst_m3_n15_pi1.0_TF0.4_R0.6_1.txt,3,15,380.59,11,0.0705,Within1800
Inst_m3_n15_pi1.0_TF0.4_R0.6_2.txt,3,15,326.80,70,0.0972,Within1800
Inst_m3_n15_pi1.0_TF0.4_R0.6_3.txt,3,15,516.41,75,0.0846,Within1800
Inst_m3_n15_pi1.0_TF0.4_R0.6_4.txt,3,15,487.95,131,0.0595,Within1800
Inst_m3_n15_pi1.0_TF0.4_R0.6_5.txt,3,15,436.69,77,0.0810,Within1800
Inst_m3_n15_pi1.0_TF0.4_R0.6_6.txt,3,15,349.07,4,0.0627,Within1800
Inst_m3_n15_pi1.0_TF0.4_R0.6_7.txt,3,15,647.04,80,0.0757,Within1800
Inst_m3_n15_pi1.0_TF0.4_R0.6_8.txt,3,15,574.52,54,0.0979,Within1800
Inst_m3_n15_pi1.0_TF0.4_R0.6_9.txt,3,15,441.61,43,0.0870,Within1800
Inst_m3_n15_pi1.0_TF0.4_R0.6_10.txt,3,15,580.56,0,0.0697,Within1800
Inst_m3_n15_pi1.0_TF0.6_R0.4_1.txt,3,15,868.40,28,0.1193,Within1800
Inst_m3_n15_pi1.0_TF0.6_R0.4_2.txt,3,15,1460.82,10,0.1155,Within1800
Inst_m3_n15_pi1.0_TF0.6_R0.4_3.txt,3,15,1114.38,10,0.1039,Within1800
Inst_m3_n15_pi1.0_TF0.6_R0.4_4.txt,3,15,978.11,60,0.0756,Within1800
Inst_m3_n15_pi1.0_TF0.6_R0.4_5.txt,3,15,367.82,48,0.0854,Within1800
Inst_m3_n15_pi1.0_TF0.6_R0.4_6.txt,3,15,520.96,68,0.0776,Within1800
Inst_m3_n15_pi1.0_TF0.6_R0.4_7.txt,3,15,203.04,59,0.0751,Within1800
Inst_m3_n15_pi1.0_TF0.6_R0.4_8.txt,3,15,1569.76,26,0.0980,Within1800
Inst_m3_n15_pi1.0_TF0.6_R0.4_9.txt,3,15,637.58,31,0.1048,Within1800
Inst_m3_n15_pi1.0_TF0.6_R0.4_10.txt,3,15,666.82,19,0.0893,Within1800
Inst_m3_n15_pi1.0_TF0.6_R0.6_1.txt,3,15,366.90,9,0.0877,Within1800
Inst_m3_n15_pi1.0_TF0.6_R0.6_2.txt,3,15,716.15,9,0.0964,Within1800
Inst_m3_n15_pi1.0_TF0.6_R0.6_3.txt,3,15,408.32,18,0.0710,Within1800
Inst_m3_n15_pi1.0_TF0.6_R0.6_4.txt,3,15,780.29,43,0.0626,Within1800
Inst_m3_n15_pi1.0_TF0.6_R0.6_5.txt,3,15,1439.45,59,0.2221,Within1800
Inst_m3_n15_pi1.0_TF0.6_R0.6_6.txt,3,15,914.93,8,0.0880,Within1800
Inst_m3_n15_pi1.0_TF0.6_R0.6_7.txt,3,15,398.69,69,0.0719,Within1800
Inst_m3_n15_pi1.0_TF0.6_R0.6_8.txt,3,15,413.78,29,0.0876,Within1800
Inst_m3_n15_pi1.0_TF0.6_R0.6_9.txt,3,15,676.52,24,0.0692,Within1800
Inst_m3_n15_pi1.0_TF0.6_R0.6_10.txt,3,15,608.96,241,0.1148,Within1800
Inst_m3_n15_pi2.0_TF0.4_R0.4_1.txt,3,15,1110.22,102,0.0943,Within1800
Inst_m3_n15_pi2.0_TF0.4_R0.4_2.txt,3,15,1271.16,148,0.0926,Within1800
Inst_m3_n15_pi2.0_TF0.4_R0.4_3.txt,3,15,798.28,150,0.0856,Within1800
Inst_m3_n15_pi2.0_TF0.4_R0.4_4.txt,3,15,1404.45,79,0.1164,Within1800
Inst_m3_n15_pi2.0_TF0.4_R0.4_5.txt,3,15,324.87,102,0.1126,Within1800
Inst_m3_n15_pi2.0_TF0.4_R0.4_6.txt,3,15,1108.62,79,0.0959,Within1800
Inst_m3_n15_pi2.0_TF0.4_R0.4_7.txt,3,15,1571.90,53,0.0921,Within1800
Inst_m3_n15_pi2.0_TF0.4_R0.4_8.txt,3,15,999.67,55,0.1088,Within1800
Inst_m3_n15_pi2.0_TF0.4_R0.4_9.txt,3,15,553.11,35,0.0740,Within1800
Inst_m3_n15_pi2.0_TF0.4_R0.4_10.txt,3,15,905.29,66,0.1224,Within1800
Inst_m3_n15_pi2.0_TF0.4_R0.6_1.txt,3,15,1360.24,35,0.1447,Within1800
Inst_m3_n15_pi2.0_TF0.4_R0.6_2.txt,3,15,1246.39,47,0.1431,Within1800
Inst_m3_n15_pi2.0_TF0.4_R0.6_3.txt,3,15,2049.27,54,0.1119,Within1800
Inst_m3_n15_pi2.0_TF0.4_R0.6_4.txt,3,15,1405.65,153,0.1669,Within1800
Inst_m3_n15_pi2.0_TF0.4_R0.6_5.txt,3,15,1700.48,148,0.1651,Within1800
Inst_m3_n15_pi2.0_TF0.4_R0.6_6.txt,3,15,688.54,20,0.1260,Within1800
Inst_m3_n15_pi2.0_TF0.4_R0.6_7.txt,3,15,1376.38,11,0.1395,Within1800
Inst_m3_n15_pi2.0_TF0.4_R0.6_8.txt,3,15,451.56,156,0.1181,Within1800
Inst_m3_n15_pi2.0_TF0.4_R0.6_9.txt,3,15,636.42,381,0.1995,Within1800
Inst_m3_n15_pi2.0_TF0.4_R0.6_10.txt,3,15,762.99,14,0.1351,Within1800
Inst_m3_n15_pi2.0_TF0.6_R0.4_1.txt,3,15,701.20,32,0.1400,Within1800
Inst_m3_n15_pi2.0_TF0.6_R0.4_2.txt,3,15,1418.96,119,0.1409,Within1800
Inst_m3_n15_pi2.0_TF0.6_R0.4_3.txt,3,15,556.23,183,0.1429,Within1800
Inst_m3_n15_pi2.0_TF0.6_R0.4_4.txt,3,15,575.13,31,0.1123,Within1800
Inst_m3_n15_pi2.0_TF0.6_R0.4_5.txt,3,15,1488.77,174,0.1331,Within1800
Inst_m3_n15_pi2.0_TF0.6_R0.4_6.txt,3,15,1601.10,395,0.1667,Within1800
Inst_m3_n15_pi2.0_TF0.6_R0.4_7.txt,3,15,706.59,279,0.1310,Within1800
Inst_m3_n15_pi2.0_TF0.6_R0.4_8.txt,3,15,1654.89,441,0.1651,Within1800
Inst_m3_n15_pi2.0_TF0.6_R0.4_9.txt,3,15,1188.07,362,0.1256,Within1800
Inst_m3_n15_pi2.0_TF0.6_R0.4_10.txt,3,15,958.46,254,0.1055,Within1800
Inst_m3_n15_pi2.0_TF0.6_R0.6_1.txt,3,15,1378.66,289,0.1106,Within1800
Inst_m3_n15_pi2.0_TF0.6_R0.6_2.txt,3,15,1448.31,385,0.1211,Within1800
Inst_m3_n15_pi2.0_TF0.6_R0.6_3.txt,3,15,778.55,371,0.0963,Within1800
Inst_m3_n15_pi2.0_TF0.6_R0.6_4.txt,3,15,2201.44,443,0.1278,Within1800
Inst_m3_n15_pi2.0_TF0.6_R0.6_5.txt,3,15,739.38,415,0.1038,Within1800
Inst_m3_n15_pi2.0_TF0.6_R0.6_6.txt,3,15,2334.45,483,0.1431,Within1800
Inst_m3_n15_pi2.0_TF0.6_R0.6_7.txt,3,15,2398.39,413,0.0905,Within1800
Inst_m3_n15_pi2.0_TF0.6_R0.6_8.txt,3,15,766.18,475,0.1221,Within1800
Inst_m3_n15_pi2.0_TF0.6_R0.6_9.txt,3,15,852.43,475,0.1167,Within1800
Inst_m3_n15_pi2.0_TF0.6_R0.6_10.txt,3,15,810.15,474,0.1127,Within1800
Inst_m3_n21_pi0.2_TF0.4_R0.4_1.txt,3,21,95.29,624,0.1222,Within1800
Inst_m3_n21_pi0.2_TF0.4_R0.4_2.txt,3,21,94.81,104,0.1477,Within1800
Inst_m3_n21_pi0.2_TF0.4_R0.4_3.txt,3,21,77.17,5,0.1780,Within1800
Inst_m3_n21_pi0.2_TF0.4_R0.4_4.txt,3,21,184.96,619,0.1210,Within1800
Inst_m3_n21_pi0.2_TF0.4_R0.4_5.txt,3,21,165.47,46,0.2060,Within1800
Inst_m3_n21_pi0.2_TF0.4_R0.4_6.txt,3,21,94.64,577,0.1146,Within1800
Inst_m3_n21_pi0.2_TF0.4_R0.4_7.txt,3,21,143.75,125,0.1754,Within1800
Inst_m3_n21_pi0.2_TF0.4_R0.4_8.txt,3,21,65.86,107,0.1487,Within1800
Inst_m3_n21_pi0.2_TF0.4_R0.4_9.txt,3,21,143.93,27,0.2262,Within1800
Inst_m3_n21_pi0.2_TF0.4_R0.4_10.txt,3,21,82.11,62,0.1418,Within1800
Inst_m3_n21_pi0.2_TF0.4_R0.6_1.txt,3,21,135.05,70,0.1674,Within1800
Inst_m3_n21_pi0.2_TF0.4_R0.6_2.txt,3,21,122.64,13,0.1966,Within1800
Inst_m3_n21_pi0.2_TF0.4_R0.6_3.txt,3,21,118.76,100,0.1715,Within1800
Inst_m3_n21_pi0.2_TF0.4_R0.6_4.txt,3,21,100.68,38,0.1864,Within1800
Inst_m3_n21_pi0.2_TF0.4_R0.6_5.txt,3,21,101.37,14,0.2140,Within1800
Inst_m3_n21_pi0.2_TF0.4_R0.6_6.txt,3,21,85.86,46,0.2055,Within1800
Inst_m3_n21_pi0.2_TF0.4_R0.6_7.txt,3,21,202.35,109,0.2502,Within1800
Inst_m3_n21_pi0.2_TF0.4_R0.6_8.txt,3,21,77.85,2,0.1817,Within1800
Inst_m3_n21_pi0.2_TF0.4_R0.6_9.txt,3,21,265.93,12,0.2854,Within1800
Inst_m3_n21_pi0.2_TF0.4_R0.6_10.txt,3,21,138.56,123,0.1748,Within1800
Inst_m3_n21_pi0.2_TF0.6_R0.4_1.txt,3,21,110.04,25,0.2667,Within1800
Inst_m3_n21_pi0.2_TF0.6_R0.4_2.txt,3,21,217.61,17,0.2602,Within1800
Inst_m3_n21_pi0.2_TF0.6_R0.4_3.txt,3,21,378.62,148,0.2565,Within1800
Inst_m3_n21_pi0.2_TF0.6_R0.4_4.txt,3,21,109.83,29,0.2023,Within1800
Inst_m3_n21_pi0.2_TF0.6_R0.4_5.txt,3,21,315.46,49,0.1998,Within1800
Inst_m3_n21_pi0.2_TF0.6_R0.4_6.txt,3,21,102.47,94,0.1766,Within1800
Inst_m3_n21_pi0.2_TF0.6_R0.4_7.txt,3,21,177.81,16,0.2610,Within1800
Inst_m3_n21_pi0.2_TF0.6_R0.4_8.txt,3,21,502.98,0,0.2775,Within1800
Inst_m3_n21_pi0.2_TF0.6_R0.4_9.txt,3,21,128.40,61,0.2136,Within1800
Inst_m3_n21_pi0.2_TF0.6_R0.4_10.txt,3,21,545.38,100,0.2688,Within1800
Inst_m3_n21_pi0.2_TF0.6_R0.6_1.txt,3,21,93.37,78,0.2466,Within1800
Inst_m3_n21_pi0.2_TF0.6_R0.6_2.txt,3,21,252.77,48,0.1987,Within1800
Inst_m3_n21_pi0.2_TF0.6_R0.6_3.txt,3,21,309.52,69,0.3029,Within1800
Inst_m3_n21_pi0.2_TF0.6_R0.6_4.txt,3,21,668.10,52,0.2171,Within1800
Inst_m3_n21_pi0.2_TF0.6_R0.6_5.txt,3,21,135.45,40,0.1631,Within1800
Inst_m3_n21_pi0.2_TF0.6_R0.6_6.txt,3,21,122.00,40,0.1873,Within1800
Inst_m3_n21_pi0.2_TF0.6_R0.6_7.txt,3,21,239.71,60,0.1748,Within1800
Inst_m3_n21_pi0.2_TF0.6_R0.6_8.txt,3,21,104.95,36,0.1794,Within1800
Inst_m3_n21_pi0.2_TF0.6_R0.6_9.txt,3,21,168.81,27,0.2339,Within1800
Inst_m3_n21_pi0.2_TF0.6_R0.6_10.txt,3,21,244.46,20,0.2440,Within1800
Inst_m3_n21_pi0.5_TF0.4_R0.4_1.txt,3,21,401.91,19,0.1205,Within1800
Inst_m3_n21_pi0.5_TF0.4_R0.4_2.txt,3,21,468.65,53,0.1787,Within1800
Inst_m3_n21_pi0.5_TF0.4_R0.4_3.txt,3,21,402.53,40,0.1649,Within1800
Inst_m3_n21_pi0.5_TF0.4_R0.4_4.txt,3,21,408.36,6,0.2091,Within1800
Inst_m3_n21_pi0.5_TF0.4_R0.4_5.txt,3,21,697.84,111,0.1622,Within1800
Inst_m3_n21_pi0.5_TF0.4_R0.4_6.txt,3,21,324.42,14,0.1698,Within1800
Inst_m3_n21_pi0.5_TF0.4_R0.4_7.txt,3,21,330.92,13,0.1941,Within1800
Inst_m3_n21_pi0.5_TF0.4_R0.4_8.txt,3,21,192.96,0,0.1380,Within1800
Inst_m3_n21_pi0.5_TF0.4_R0.4_9.txt,3,21,224.28,22,0.1374,Within1800
Inst_m3_n21_pi0.5_TF0.4_R0.4_10.txt,3,21,219.55,1,0.1238,Within1800
Inst_m3_n21_pi0.5_TF0.4_R0.6_1.txt,3,21,293.93,15,0.1755,Within1800
Inst_m3_n21_pi0.5_TF0.4_R0.6_2.txt,3,21,500.62,61,0.1680,Within1800
Inst_m3_n21_pi0.5_TF0.4_R0.6_3.txt,3,21,324.68,173,0.1830,Within1800
Inst_m3_n21_pi0.5_TF0.4_R0.6_4.txt,3,21,241.19,4,0.1974,Within1800
Inst_m3_n21_pi0.5_TF0.4_R0.6_5.txt,3,21,383.46,16,0.1503,Within1800
Inst_m3_n21_pi0.5_TF0.4_R0.6_6.txt,3,21,310.16,55,0.1832,Within1800
Inst_m3_n21_pi0.5_TF0.4_R0.6_7.txt,3,21,175.03,19,0.1151,Within1800
Inst_m3_n21_pi0.5_TF0.4_R0.6_8.txt,3,21,327.22,9,0.1721,Within1800
Inst_m3_n21_pi0.5_TF0.4_R0.6_9.txt,3,21,537.14,2,0.1742,Within1800
Inst_m3_n21_pi0.5_TF0.4_R0.6_10.txt,3,21,208.72,57,0.2178,Within1800
Inst_m3_n21_pi0.5_TF0.6_R0.4_1.txt,3,21,199.04,110,0.1429,Within1800
Inst_m3_n21_pi0.5_TF0.6_R0.4_2.txt,3,21,388.71,10,0.1458,Within1800
Inst_m3_n21_pi0.5_TF0.6_R0.4_3.txt,3,21,450.02,11,0.1491,Within1800
Inst_m3_n21_pi0.5_TF0.6_R0.4_4.txt,3,21,579.56,6,0.1474,Within1800
Inst_m3_n21_pi0.5_TF0.6_R0.4_5.txt,3,21,426.30,91,0.1678,Within1800
Inst_m3_n21_pi0.5_TF0.6_R0.4_6.txt,3,21,282.14,23,0.1687,Within1800
Inst_m3_n21_pi0.5_TF0.6_R0.4_7.txt,3,21,447.33,18,0.1919,Within1800
Inst_m3_n21_pi0.5_TF0.6_R0.4_8.txt,3,21,427.96,13,0.1214,Within1800
Inst_m3_n21_pi0.5_TF0.6_R0.4_9.txt,3,21,780.31,34,0.2267,Within1800
Inst_m3_n21_pi0.5_TF0.6_R0.4_10.txt,3,21,746.69,10,0.1763,Within1800
Inst_m3_n21_pi0.5_TF0.6_R0.6_1.txt,3,21,318.85,5,0.1536,Within1800
Inst_m3_n21_pi0.5_TF0.6_R0.6_2.txt,3,21,688.81,232,0.1966,Within1800
Inst_m3_n21_pi0.5_TF0.6_R0.6_3.txt,3,21,221.99,174,0.1868,Within1800
Inst_m3_n21_pi0.5_TF0.6_R0.6_4.txt,3,21,537.89,21,0.2694,Within1800
Inst_m3_n21_pi0.5_TF0.6_R0.6_5.txt,3,21,240.14,59,0.2058,Within1800
Inst_m3_n21_pi0.5_TF0.6_R0.6_6.txt,3,21,911.94,156,0.1844,Within1800
Inst_m3_n21_pi0.5_TF0.6_R0.6_7.txt,3,21,636.38,63,0.1882,Within1800
Inst_m3_n21_pi0.5_TF0.6_R0.6_8.txt,3,21,699.15,5,0.2153,Within1800
Inst_m3_n21_pi0.5_TF0.6_R0.6_9.txt,3,21,274.39,120,0.1701,Within1800
Inst_m3_n21_pi0.5_TF0.6_R0.6_10.txt,3,21,347.59,178,0.1041,Within1800
Inst_m3_n21_pi1.0_TF0.4_R0.4_1.txt,3,21,424.12,13,0.1681,Within1800
Inst_m3_n21_pi1.0_TF0.4_R0.4_2.txt,3,21,1227.40,46,0.2337,Within1800
Inst_m3_n21_pi1.0_TF0.4_R0.4_3.txt,3,21,217.84,16,0.1775,Within1800
Inst_m3_n21_pi1.0_TF0.4_R0.4_4.txt,3,21,408.33,32,0.2291,Within1800
Inst_m3_n21_pi1.0_TF0.4_R0.4_5.txt,3,21,839.14,33,0.1650,Within1800
Inst_m3_n21_pi1.0_TF0.4_R0.4_6.txt,3,21,1305.38,37,0.1765,Within1800
Inst_m3_n21_pi1.0_TF0.4_R0.4_7.txt,3,21,604.02,14,0.1445,Within1800
Inst_m3_n21_pi1.0_TF0.4_R0.4_8.txt,3,21,565.95,0,0.1759,Within1800
Inst_m3_n21_pi1.0_TF0.4_R0.4_9.txt,3,21,399.54,106,0.0922,Within1800
Inst_m3_n21_pi1.0_TF0.4_R0.4_10.txt,3,21,445.46,20,0.1548,Within1800
Inst_m3_n21_pi1.0_TF0.4_R0.6_1.txt,3,21,429.23,54,0.1248,Within1800
Inst_m3_n21_pi1.0_TF0.4_R0.6_2.txt,3,21,1108.70,129,0.1632,Within1800
Inst_m3_n21_pi1.0_TF0.4_R0.6_3.txt,3,21,511.96,188,0.2107,Within1800
Inst_m3_n21_pi1.0_TF0.4_R0.6_4.txt,3,21,633.65,40,0.1662,Within1800
Inst_m3_n21_pi1.0_TF0.4_R0.6_5.txt,3,21,832.10,19,0.1819,Within1800
Inst_m3_n21_pi1.0_TF0.4_R0.6_6.txt,3,21,649.66,8,0.1428,Within1800
Inst_m3_n21_pi1.0_TF0.4_R0.6_7.txt,3,21,403.34,20,0.1739,Within1800
Inst_m3_n21_pi1.0_TF0.4_R0.6_8.txt,3,21,380.68,190,0.1627,Within1800
Inst_m3_n21_pi1.0_TF0.4_R0.6_9.txt,3,21,559.92,6,0.1572,Within1800
Inst_m3_n21_pi1.0_TF0.4_R0.6_10.txt,3,21,1298.35,14,0.2203,Within1800
Inst_m3_n21_pi1.0_TF0.6_R0.4_1.txt,3,21,995.58,89,0.1988,Within1800
Inst_m3_n21_pi1.0_TF0.6_R0.4_2.txt,3,21,1337.68,38,0.2159,Within1800
Inst_m3_n21_pi1.0_TF0.6_R0.4_3.txt,3,21,324.89,40,0.1450,Within1800
Inst_m3_n21_pi1.0_TF0.6_R0.4_4.txt,3,21,585.55,99,0.1627,Within1800
Inst_m3_n21_pi1.0_TF0.6_R0.4_5.txt,3,21,597.83,29,0.2321,Within1800
Inst_m3_n21_pi1.0_TF0.6_R0.4_6.txt,3,21,596.91,15,0.1819,Within1800
Inst_m3_n21_pi1.0_TF0.6_R0.4_7.txt,3,21,501.12,49,0.1378,Within1800
Inst_m3_n21_pi1.0_TF0.6_R0.4_8.txt,3,21,672.91,20,0.2315,Within1800
Inst_m3_n21_pi1.0_TF0.6_R0.4_9.txt,3,21,343.83,40,0.1791,Within1800
Inst_m3_n21_pi1.0_TF0.6_R0.4_10.txt,3,21,866.64,87,0.1981,Within1800
Inst_m3_n21_pi1.0_TF0.6_R0.6_1.txt,3,21,1217.91,13,0.2582,Within1800
Inst_m3_n21_pi1.0_TF0.6_R0.6_2.txt,3,21,854.54,11,0.1695,Within1800
Inst_m3_n21_pi1.0_TF0.6_R0.6_3.txt,3,21,554.70,81,0.1923,Within1800
Inst_m3_n21_pi1.0_TF0.6_R0.6_4.txt,3,21,543.14,8,0.1328,Within1800
Inst_m3_n21_pi1.0_TF0.6_R0.6_5.txt,3,21,762.61,4,0.2401,Within1800
Inst_m3_n21_pi1.0_TF0.6_R0.6_6.txt,3,21,591.57,153,0.1610,Within1800
Inst_m3_n21_pi1.0_TF0.6_R0.6_7.txt,3,21,750.23,34,0.2247,Within1800
Inst_m3_n21_pi1.0_TF0.6_R0.6_8.txt,3,21,791.81,23,0.1870,Within1800
Inst_m3_n21_pi1.0_TF0.6_R0.6_9.txt,3,21,905.43,36,0.1667,Within1800
Inst_m3_n21_pi1.0_TF0.6_R0.6_10.txt,3,21,1132.53,62,0.2107,Within1800
Inst_m3_n21_pi2.0_TF0.4_R0.4_1.txt,3,21,2158.00,63,0.2070,Within1800
Inst_m3_n21_pi2.0_TF0.4_R0.4_2.txt,3,21,1464.78,21,0.1604,Within1800
Inst_m3_n21_pi2.0_TF0.4_R0.4_3.txt,3,21,867.53,78,0.1366,Within1800
Inst_m3_n21_pi2.0_TF0.4_R0.4_4.txt,3,21,1235.95,44,0.1645,Within1800
Inst_m3_n21_pi2.0_TF0.4_R0.4_5.txt,3,21,698.17,13,0.2416,Within1800
Inst_m3_n21_pi2.0_TF0.4_R0.4_6.txt,3,21,646.04,31,0.1588,Within1800
Inst_m3_n21_pi2.0_TF0.4_R0.4_7.txt,3,21,631.87,53,0.1220,Within1800
Inst_m3_n21_pi2.0_TF0.4_R0.4_8.txt,3,21,1222.02,280,0.1875,Within1800
Inst_m3_n21_pi2.0_TF0.4_R0.4_9.txt,3,21,1210.99,17,0.1366,Within1800
Inst_m3_n21_pi2.0_TF0.4_R0.4_10.txt,3,21,2171.81,22,0.2138,Within1800
Inst_m3_n21_pi2.0_TF0.4_R0.6_1.txt,3,21,919.88,67,0.1923,Within1800
Inst_m3_n21_pi2.0_TF0.4_R0.6_2.txt,3,21,848.36,29,0.2343,Within1800
Inst_m3_n21_pi2.0_TF0.4_R0.6_3.txt,3,21,777.80,5,0.2019,Within1800
Inst_m3_n21_pi2.0_TF0.4_R0.6_4.txt,3,21,1768.46,35,0.1950,Within1800
Inst_m3_n21_pi2.0_TF0.4_R0.6_5.txt,3,21,715.90,5,0.1785,Within1800
Inst_m3_n21_pi2.0_TF0.4_R0.6_6.txt,3,21,1750.79,137,0.2341,Within1800
Inst_m3_n21_pi2.0_TF0.4_R0.6_7.txt,3,21,743.95,293,0.1413,Within1800
Inst_m3_n21_pi2.0_TF0.4_R0.6_8.txt,3,21,1914.00,109,0.1951,Within1800
Inst_m3_n21_pi2.0_TF0.4_R0.6_9.txt,3,21,2330.71,53,0.1785,Within1800
Inst_m3_n21_pi2.0_TF0.4_R0.6_10.txt,3,21,1282.96,285,0.2325,Within1800
Inst_m3_n21_pi2.0_TF0.6_R0.4_1.txt,3,21,1253.09,47,0.1798,Within1800
Inst_m3_n21_pi2.0_TF0.6_R0.4_2.txt,3,21,1447.37,279,0.2177,Within1800
Inst_m3_n21_pi2.0_TF0.6_R0.4_3.txt,3,21,1301.70,126,0.1810,Within1800
Inst_m3_n21_pi2.0_TF0.6_R0.4_4.txt,3,21,620.16,583,0.2971,Within1800
Inst_m3_n21_pi2.0_TF0.6_R0.4_5.txt,3,21,1640.28,224,0.1853,Within1800
Inst_m3_n21_pi2.0_TF0.6_R0.4_6.txt,3,21,1137.67,292,0.1986,Within1800
Inst_m3_n21_pi2.0_TF0.6_R0.4_7.txt,3,21,2708.03,617,0.2979,Within1800
Inst_m3_n21_pi2.0_TF0.6_R0.4_8.txt,3,21,2599.31,606,0.2864,Within1800
Inst_m3_n21_pi2.0_TF0.6_R0.4_9.txt,3,21,1539.96,460,0.2260,Within1800
Inst_m3_n21_pi2.0_TF0.6_R0.4_10.txt,3,21,1620.98,361,0.1923,Within1800
Inst_m3_n21_pi2.0_TF0.6_R0.6_1.txt,3,21,1622.89,522,0.2354,Within1800
Inst_m3_n21_pi2.0_TF0.6_R0.6_2.txt,3,21,1038.93,676,0.2703,Within1800
Inst_m3_n21_pi2.0_TF0.6_R0.6_3.txt,3,21,1293.86,563,0.1966,Within1800
Inst_m3_n21_pi2.0_TF0.6_R0.6_4.txt,3,21,1444.15,561,0.1851,Within1800
Inst_m3_n21_pi2.0_TF0.6_R0.6_5.txt,3,21,2052.38,648,0.2325,Within1800
Inst_m3_n21_pi2.0_TF0.6_R0.6_6.txt,3,21,2156.94,578,0.1820,Within1800
Inst_m3_n21_pi2.0_TF0.6_R0.6_7.txt,3,21,2820.26,696,0.2692,Within1800
Inst_m3_n21_pi2.0_TF0.6_R0.6_8.txt,3,21,2070.58,669,0.2368,Within1800
Inst_m3_n21_pi2.0_TF0.6_R0.6_9.txt,3,21,1889.99,655,0.2107,Within1800
Inst_m3_n21_pi2.0_TF0.6_R0.6_10.txt,3,21,2937.35,712,0.2954,Within1800
Inst_m4_n20_pi0.2_TF0.4_R0.4_1.txt,4,20,112.17,32,0.1930,Within1800
Inst_m4_n20_pi0.2_TF0.4_R0.4_2.txt,4,20,95.30,68,0.1378,Within1800
Inst_m4_n20_pi0.2_TF0.4_R0.4_3.txt,4,20,52.38,5,0.1884,Within1800
Inst_m4_n20_pi0.2_TF0.4_R0.4_4.txt,4,20,97.79,9,0.1513,Within1800
Inst_m4_n20_pi0.2_TF0.4_R0.4_5.txt,4,20,71.84,34,0.1568,Within1800
Inst_m4_n20_pi0.2_TF0.4_R0.4_6.txt,4,20,130.02,533,0.1232,Within1800
Inst_m4_n20_pi0.2_TF0.4_R0.4_7.txt,4,20,140.22,24,0.1302,Within1800
Inst_m4_n20_pi0.2_TF0.4_R0.4_8.txt,4,20,71.67,40,0.2157,Within1800
Inst_m4_n20_pi0.2_TF0.4_R0.4_9.txt,4,20,135.82,4,0.1501,Within1800
Inst_m4_n20_pi0.2_TF0.4_R0.4_10.txt,4,20,80.25,543,0.1249,Within1800
Inst_m4_n20_pi0.2_TF0.4_R0.6_1.txt,4,20,126.28,0,0.1873,Within1800
Inst_m4_n20_pi0.2_TF0.4_R0.6_2.txt,4,20,39.39,41,0.1579,Within1800
Inst_m4_n20_pi0.2_TF0.4_R0.6_3.txt,4,20,131.09,4,0.2308,Within1800
Inst_m4_n20_pi0.2_TF0.4_R0.6_4.txt,4,20,91.87,40,0.1848,Within1800
Inst_m4_n20_pi0.2_TF0.4_R0.6_5.txt,4,20,121.50,68,0.1380,Within1800
Inst_m4_n20_pi0.2_TF0.4_R0.6_6.txt,4,20,107.25,2,0.1780,Within1800
Inst_m4_n20_pi0.2_TF0.4_R0.6_7.txt,4,20,110.79,72,0.1398,Within1800
Inst_m4_n20_pi0.2_TF0.4_R0.6_8.txt,4,20,89.86,17,0.1652,Within1800
Inst_m4_n20_pi0.2_TF0.4_R0.6_9.txt,4,20,143.28,8,0.1611,Within1800
Inst_m4_n20_pi0.2_TF0.4_R0.6_10.txt,4,20,47.83,68,0.1382,Within1800
Inst_m4_n20_pi0.2_TF0.6_R0.4_1.txt,4,20,71.44,48,0.1861,Within1800
Inst_m4_n20_pi0.2_TF0.6_R0.4_2.txt,4,20,87.56,71,0.1391,Within1800
Inst_m4_n20_pi0.2_TF0.6_R0.4_3.txt,4,20,209.30,57,0.2187,Within1800
Inst_m4_n20_pi0.2_TF0.6_R0.4_4.txt,4,20,90.94,21,0.1288,Within1800
Inst_m4_n20_pi0.2_TF0.6_R0.4_5.txt,4,20,137.07,32,0.1420,Within1800
Inst_m4_n20_pi0.2_TF0.6_R0.4_6.txt,4,20,86.88,9,0.1334,Within1800
Inst_m4_n20_pi0.2_TF0.6_R0.4_7.txt,4,20,42.94,99,0.1194,Within1800
Inst_m4_n20_pi0.2_TF0.6_R0.4_8.txt,4,20,551.69,4,0.3564,Within1800
Inst_m4_n20_pi0.2_TF0.6_R0.4_9.txt,4,20,101.06,46,0.2301,Within1800
Inst_m4_n20_pi0.2_TF0.6_R0.4_10.txt,4,20,380.58,15,0.2190,Within1800
Inst_m4_n20_pi0.2_TF0.6_R0.6_1.txt,4,20,145.27,85,0.1568,Within1800
Inst_m4_n20_pi0.2_TF0.6_R0.6_2.txt,4,20,412.37,5,0.2061,Within1800
Inst_m4_n20_pi0.2_TF0.6_R0.6_3.txt,4,20,175.19,10,0.1296,Within1800
Inst_m4_n20_pi0.2_TF0.6_R0.6_4.txt,4,20,77.62,54,0.2035,Within1800
Inst_m4_n20_pi0.2_TF0.6_R0.6_5.txt,4,20,104.59,38,0.1344,Within1800
Inst_m4_n20_pi0.2_TF0.6_R0.6_6.txt,4,20,122.67,48,0.2868,Within1800
Inst_m4_n20_pi0.2_TF0.6_R0.6_7.txt,4,20,85.70,39,0.1289,Within1800
Inst_m4_n20_pi0.2_TF0.6_R0.6_8.txt,4,20,137.24,12,0.1956,Within1800
Inst_m4_n20_pi0.2_TF0.6_R0.6_9.txt,4,20,141.08,84,0.1297,Within1800
Inst_m4_n20_pi0.2_TF0.6_R0.6_10.txt,4,20,131.93,14,0.2256,Within1800
Inst_m4_n20_pi0.5_TF0.4_R0.4_1.txt,4,20,303.92,13,0.1876,Within1800
Inst_m4_n20_pi0.5_TF0.4_R0.4_2.txt,4,20,236.41,27,0.1777,Within1800
Inst_m4_n20_pi0.5_TF0.4_R0.4_3.txt,4,20,116.00,15,0.1917,Within1800
Inst_m4_n20_pi0.5_TF0.4_R0.4_4.txt,4,20,190.18,26,0.1751,Within1800
Inst_m4_n20_pi0.5_TF0.4_R0.4_5.txt,4,20,209.11,39,0.2193,Within1800
Inst_m4_n20_pi0.5_TF0.4_R0.4_6.txt,4,20,242.90,1,0.2683,Within1800
Inst_m4_n20_pi0.5_TF0.4_R0.4_7.txt,4,20,189.44,24,0.1701,Within1800
Inst_m4_n20_pi0.5_TF0.4_R0.4_8.txt,4,20,196.03,17,0.2792,Within1800
Inst_m4_n20_pi0.5_TF0.4_R0.4_9.txt,4,20,376.24,9,0.2002,Within1800
Inst_m4_n20_pi0.5_TF0.4_R0.4_10.txt,4,20,281.53,26,0.1643,Within1800
Inst_m4_n20_pi0.5_TF0.4_R0.6_1.txt,4,20,214.89,7,0.1415,Within1800
Inst_m4_n20_pi0.5_TF0.4_R0.6_2.txt,4,20,325.77,15,0.1680,Within1800
Inst_m4_n20_pi0.5_TF0.4_R0.6_3.txt,4,20,132.41,24,0.2169,Within1800
Inst_m4_n20_pi0.5_TF0.4_R0.6_4.txt,4,20,226.85,54,0.2088,Within1800
Inst_m4_n20_pi0.5_TF0.4_R0.6_5.txt,4,20,191.92,6,0.1564,Within1800
Inst_m4_n20_pi0.5_TF0.4_R0.6_6.txt,4,20,231.80,75,0.1786,Within1800
Inst_m4_n20_pi0.5_TF0.4_R0.6_7.txt,4,20,207.61,58,0.1511,Within1800
Inst_m4_n20_pi0.5_TF0.4_R0.6_8.txt,4,20,151.33,0,0.1513,Within1800
Inst_m4_n20_pi0.5_TF0.4_R0.6_9.txt,4,20,165.42,4,0.1296,Within1800
Inst_m4_n20_pi0.5_TF0.4_R0.6_10.txt,4,20,245.81,4,0.1784,Within1800
Inst_m4_n20_pi0.5_TF0.6_R0.4_1.txt,4,20,414.18,16,0.1544,Within1800
Inst_m4_n20_pi0.5_TF0.6_R0.4_2.txt,4,20,345.27,27,0.1688,Within1800
Inst_m4_n20_pi0.5_TF0.6_R0.4_3.txt,4,20,421.16,167,0.2037,Within1800
Inst_m4_n20_pi0.5_TF0.6_R0.4_4.txt,4,20,229.54,55,0.1528,Within1800
Inst_m4_n20_pi0.5_TF0.6_R0.4_5.txt,4,20,634.68,40,0.2190,Within1800
Inst_m4_n20_pi0.5_TF0.6_R0.4_6.txt,4,20,368.95,9,0.1472,Within1800
Inst_m4_n20_pi0.5_TF0.6_R0.4_7.txt,4,20,269.57,56,0.1217,Within1800
Inst_m4_n20_pi0.5_TF0.6_R0.4_8.txt,4,20,366.62,67,0.2109,Within1800
Inst_m4_n20_pi0.5_TF0.6_R0.4_9.txt,4,20,490.41,39,0.1696,Within1800
Inst_m4_n20_pi0.5_TF0.6_R0.4_10.txt,4,20,78.86,0,0.0844,Within1800
Inst_m4_n20_pi0.5_TF0.6_R0.6_1.txt,4,20,607.41,23,0.1579,Within1800
Inst_m4_n20_pi0.5_TF0.6_R0.6_2.txt,4,20,371.82,174,0.1295,Within1800
Inst_m4_n20_pi0.5_TF0.6_R0.6_3.txt,4,20,254.16,18,0.1610,Within1800
Inst_m4_n20_pi0.5_TF0.6_R0.6_4.txt,4,20,162.80,45,0.1626,Within1800
Inst_m4_n20_pi0.5_TF0.6_R0.6_5.txt,4,20,424.17,14,0.1507,Within1800
Inst_m4_n20_pi0.5_TF0.6_R0.6_6.txt,4,20,190.54,48,0.1667,Within1800
Inst_m4_n20_pi0.5_TF0.6_R0.6_7.txt,4,20,294.13,0,0.1561,Within1800
Inst_m4_n20_pi0.5_TF0.6_R0.6_8.txt,4,20,351.04,2,0.1325,Within1800
Inst_m4_n20_pi0.5_TF0.6_R0.6_9.txt,4,20,555.37,59,0.1992,Within1800
Inst_m4_n20_pi0.5_TF0.6_R0.6_10.txt,4,20,300.68,70,0.1217,Within1800
Inst_m4_n20_pi1.0_TF0.4_R0.4_1.txt,4,20,505.50,17,0.1796,Within1800
Inst_m4_n20_pi1.0_TF0.4_R0.4_2.txt,4,20,350.32,60,0.1357,Within1800
Inst_m4_n20_pi1.0_TF0.4_R0.4_3.txt,4,20,576.29,9,0.1245,Within1800
Inst_m4_n20_pi1.0_TF0.4_R0.4_4.txt,4,20,360.03,3,0.1677,Within1800
Inst_m4_n20_pi1.0_TF0.4_R0.4_5.txt,4,20,218.20,18,0.1413,Within1800
Inst_m4_n20_pi1.0_TF0.4_R0.4_6.txt,4,20,385.63,18,0.1486,Within1800
Inst_m4_n20_pi1.0_TF0.4_R0.4_7.txt,4,20,806.66,24,0.1498,Within1800
Inst_m4_n20_pi1.0_TF0.4_R0.4_8.txt,4,20,403.31,1,0.1285,Within1800
Inst_m4_n20_pi1.0_TF0.4_R0.4_9.txt,4,20,452.98,20,0.0985,Within1800
Inst_m4_n20_pi1.0_TF0.4_R0.4_10.txt,4,20,748.17,28,0.1110,Within1800
Inst_m4_n20_pi1.0_TF0.4_R0.6_1.txt,4,20,586.31,33,0.1388,Within1800
Inst_m4_n20_pi1.0_TF0.4_R0.6_2.txt,4,20,384.20,50,0.1557,Within1800
Inst_m4_n20_pi1.0_TF0.4_R0.6_3.txt,4,20,499.75,41,0.1294,Within1800
Inst_m4_n20_pi1.0_TF0.4_R0.6_4.txt,4,20,148.14,9,0.1617,Within1800
Inst_m4_n20_pi1.0_TF0.4_R0.6_5.txt,4,20,946.80,13,0.2020,Within1800
Inst_m4_n20_pi1.0_TF0.4_R0.6_6.txt,4,20,356.54,89,0.1848,Within1800
Inst_m4_n20_pi1.0_TF0.4_R0.6_7.txt,4,20,272.35,6,0.1838,Within1800
Inst_m4_n20_pi1.0_TF0.4_R0.6_8.txt,4,20,306.90,89,0.1359,Within1800
Inst_m4_n20_pi1.0_TF0.4_R0.6_9.txt,4,20,367.88,30,0.1423,Within1800
Inst_m4_n20_pi1.0_TF0.4_R0.6_10.txt,4,20,386.75,79,0.2504,Within1800
Inst_m4_n20_pi1.0_TF0.6_R0.4_1.txt,4,20,497.97,83,0.1268,Within1800
Inst_m4_n20_pi1.0_TF0.6_R0.4_2.txt,4,20,519.91,48,0.1142,Within1800
Inst_m4_n20_pi1.0_TF0.6_R0.4_3.txt,4,20,847.41,32,0.0920,Within1800
Inst_m4_n20_pi1.0_TF0.6_R0.4_4.txt,4,20,371.51,27,0.1327,Within1800
Inst_m4_n20_pi1.0_TF0.6_R0.4_5.txt,4,20,321.97,9,0.1145,Within1800
Inst_m4_n20_pi1.0_TF0.6_R0.4_6.txt,4,20,551.34,27,0.1556,Within1800
Inst_m4_n20_pi1.0_TF0.6_R0.4_7.txt,4,20,889.37,2,0.2499,Within1800
Inst_m4_n20_pi1.0_TF0.6_R0.4_8.txt,4,20,323.86,21,0.1528,Within1800
Inst_m4_n20_pi1.0_TF0.6_R0.4_9.txt,4,20,576.14,141,0.1857,Within1800
Inst_m4_n20_pi1.0_TF0.6_R0.4_10.txt,4,20,435.18,19,0.2127,Within1800
Inst_m4_n20_pi1.0_TF0.6_R0.6_1.txt,4,20,1430.98,21,0.2117,Within1800
Inst_m4_n20_pi1.0_TF0.6_R0.6_2.txt,4,20,368.98,21,0.1399,Within1800
Inst_m4_n20_pi1.0_TF0.6_R0.6_3.txt,4,20,531.78,0,0.1145,Within1800
Inst_m4_n20_pi1.0_TF0.6_R0.6_4.txt,4,20,566.47,9,0.1264,Within1800
Inst_m4_n20_pi1.0_TF0.6_R0.6_5.txt,4,20,574.12,37,0.1664,Within1800
Inst_m4_n20_pi1.0_TF0.6_R0.6_6.txt,4,20,664.26,11,0.1617,Within1800
Inst_m4_n20_pi1.0_TF0.6_R0.6_7.txt,4,20,764.49,10,0.2383,Within1800
Inst_m4_n20_pi1.0_TF0.6_R0.6_8.txt,4,20,834.55,16,0.1693,Within1800
Inst_m4_n20_pi1.0_TF0.6_R0.6_9.txt,4,20,514.27,8,0.1454,Within1800
Inst_m4_n20_pi1.0_TF0.6_R0.6_10.txt,4,20,252.09,14,0.1513,Within1800
Inst_m4_n20_pi2.0_TF0.4_R0.4_1.txt,4,20,913.85,23,0.1793,Within1800
Inst_m4_n20_pi2.0_TF0.4_R0.4_2.txt,4,20,717.48,5,0.1524,Within1800
Inst_m4_n20_pi2.0_TF0.4_R0.4_3.txt,4,20,679.32,38,0.1676,Within1800
Inst_m4_n20_pi2.0_TF0.4_R0.4_4.txt,4,20,625.86,18,0.1256,Within1800
Inst_m4_n20_pi2.0_TF0.4_R0.4_5.txt,4,20,920.30,2,0.1339,Within1800
Inst_m4_n20_pi2.0_TF0.4_R0.4_6.txt,4,20,914.99,30,0.1401,Within1800
Inst_m4_n20_pi2.0_TF0.4_R0.4_7.txt,4,20,1377.17,64,0.2201,Within1800
Inst_m4_n20_pi2.0_TF0.4_R0.4_8.txt,4,20,836.19,50,0.1193,Within1800
Inst_m4_n20_pi2.0_TF0.4_R0.4_9.txt,4,20,481.91,39,0.1250,Within1800
Inst_m4_n20_pi2.0_TF0.4_R0.4_10.txt,4,20,1422.27,57,0.1932,Within1800
Inst_m4_n20_pi2.0_TF0.4_R0.6_1.txt,4,20,773.04,9,0.1074,Within1800
Inst_m4_n20_pi2.0_TF0.4_R0.6_2.txt,4,20,778.51,61,0.1349,Within1800
Inst_m4_n20_pi2.0_TF0.4_R0.6_3.txt,4,20,695.27,61,0.1950,Within1800
Inst_m4_n20_pi2.0_TF0.4_R0.6_4.txt,4,20,1174.87,27,0.1840,Within1800
Inst_m4_n20_pi2.0_TF0.4_R0.6_5.txt,4,20,956.52,46,0.1647,Within1800
Inst_m4_n20_pi2.0_TF0.4_R0.6_6.txt,4,20,1657.48,264,0.2228,Within1800
Inst_m4_n20_pi2.0_TF0.4_R0.6_7.txt,4,20,1859.91,64,0.1400,Within1800
Inst_m4_n20_pi2.0_TF0.4_R0.6_8.txt,4,20,796.91,65,0.0907,Within1800
Inst_m4_n20_pi2.0_TF0.4_R0.6_9.txt,4,20,992.46,35,0.1460,Within1800
Inst_m4_n20_pi2.0_TF0.4_R0.6_10.txt,4,20,821.40,62,0.1096,Within1800
Inst_m4_n20_pi2.0_TF0.6_R0.4_1.txt,4,20,648.04,64,0.1461,Within1800
Inst_m4_n20_pi2.0_TF0.6_R0.4_2.txt,4,20,2079.19,430,0.2801,Within1800
Inst_m4_n20_pi2.0_TF0.6_R0.4_3.txt,4,20,1451.54,217,0.1857,Within1800
Inst_m4_n20_pi2.0_TF0.6_R0.4_4.txt,4,20,703.68,288,0.2016,Within1800
Inst_m4_n20_pi2.0_TF0.6_R0.4_5.txt,4,20,619.59,147,0.1627,Within1800
Inst_m4_n20_pi2.0_TF0.6_R0.4_6.txt,4,20,1219.35,283,0.1934,Within1800
Inst_m4_n20_pi2.0_TF0.6_R0.4_7.txt,4,20,410.22,312,0.1966,Within1800
Inst_m4_n20_pi2.0_TF0.6_R0.4_8.txt,4,20,545.02,65,0.1187,Within1800
Inst_m4_n20_pi2.0_TF0.6_R0.4_9.txt,4,20,716.71,362,0.2062,Within1800
Inst_m4_n20_pi2.0_TF0.6_R0.4_10.txt,4,20,686.61,288,0.1792,Within1800
Inst_m4_n20_pi2.0_TF0.6_R0.6_1.txt,4,20,1775.24,432,0.2469,Within1800
Inst_m4_n20_pi2.0_TF0.6_R0.6_2.txt,4,20,1203.84,426,0.2305,Within1800
Inst_m4_n20_pi2.0_TF0.6_R0.6_3.txt,4,20,1078.44,305,0.1588,Within1800
Inst_m4_n20_pi2.0_TF0.6_R0.6_4.txt,4,20,1008.39,430,0.2093,Within1800
Inst_m4_n20_pi2.0_TF0.6_R0.6_5.txt,4,20,801.44,384,0.1698,Within1800
Inst_m4_n20_pi2.0_TF0.6_R0.6_6.txt,4,20,1267.71,420,0.1626,Within1800
Inst_m4_n20_pi2.0_TF0.6_R0.6_7.txt,4,20,1522.10,365,0.1401,Within1800
Inst_m4_n20_pi2.0_TF0.6_R0.6_8.txt,4,20,782.04,439,0.1728,Within1800
Inst_m4_n20_pi2.0_TF0.6_R0.6_9.txt,4,20,1047.89,447,0.1867,Within1800
Inst_m4_n20_pi2.0_TF0.6_R0.6_10.txt,4,20,1105.48,467,0.2334,Within1800
Inst_m4_n28_pi0.2_TF0.4_R0.4_1.txt,4,28,119.34,15,0.3282,Within1800
Inst_m4_n28_pi0.2_TF0.4_R0.4_2.txt,4,28,142.40,72,0.2697,Within1800
Inst_m4_n28_pi0.2_TF0.4_R0.4_3.txt,4,28,186.65,204,0.4075,Within1800
Inst_m4_n28_pi0.2_TF0.4_R0.4_4.txt,4,28,76.90,9,0.2910,Within1800
Inst_m4_n28_pi0.2_TF0.4_R0.4_5.txt,4,28,221.37,103,0.2344,Within1800
Inst_m4_n28_pi0.2_TF0.4_R0.4_6.txt,4,28,58.92,0,0.2956,Within1800
Inst_m4_n28_pi0.2_TF0.4_R0.4_7.txt,4,28,163.91,10,0.3224,Within1800
Inst_m4_n28_pi0.2_TF0.4_R0.4_8.txt,4,28,222.42,108,0.2778,Within1800
Inst_m4_n28_pi0.2_TF0.4_R0.4_9.txt,4,28,148.61,6,0.2817,Within1800
Inst_m4_n28_pi0.2_TF0.4_R0.4_10.txt,4,28,108.07,12,0.2922,Within1800
Inst_m4_n28_pi0.2_TF0.4_R0.6_1.txt,4,28,104.23,34,0.2003,Within1800
Inst_m4_n28_pi0.2_TF0.4_R0.6_2.txt,4,28,107.98,29,0.3124,Within1800
Inst_m4_n28_pi0.2_TF0.4_R0.6_3.txt,4,28,212.74,6,0.2406,Within1800
Inst_m4_n28_pi0.2_TF0.4_R0.6_4.txt,4,28,94.96,35,0.3413,Within1800
Inst_m4_n28_pi0.2_TF0.4_R0.6_5.txt,4,28,139.20,37,0.4188,Within1800
Inst_m4_n28_pi0.2_TF0.4_R0.6_6.txt,4,28,165.10,78,0.2708,Within1800
Inst_m4_n28_pi0.2_TF0.4_R0.6_7.txt,4,28,67.03,4,0.2856,Within1800
Inst_m4_n28_pi0.2_TF0.4_R0.6_8.txt,4,28,113.65,9,0.2871,Within1800
Inst_m4_n28_pi0.2_TF0.4_R0.6_9.txt,4,28,94.37,5,0.3444,Within1800
Inst_m4_n28_pi0.2_TF0.4_R0.6_10.txt,4,28,169.86,15,0.2429,Within1800
Inst_m4_n28_pi0.2_TF0.6_R0.4_1.txt,4,28,100.98,74,0.2266,Within1800
Inst_m4_n28_pi0.2_TF0.6_R0.4_2.txt,4,28,125.45,630,0.1815,Within1800
Inst_m4_n28_pi0.2_TF0.6_R0.4_3.txt,4,28,133.76,209,0.4089,Within1800
Inst_m4_n28_pi0.2_TF0.6_R0.4_4.txt,4,28,117.91,16,0.3095,Within1800
Inst_m4_n28_pi0.2_TF0.6_R0.4_5.txt,4,28,100.17,38,0.2379,Within1800
Inst_m4_n28_pi0.2_TF0.6_R0.4_6.txt,4,28,216.61,195,0.2794,Within1800
Inst_m4_n28_pi0.2_TF0.6_R0.4_7.txt,4,28,107.71,0,0.3755,Within1800
Inst_m4_n28_pi0.2_TF0.6_R0.4_8.txt,4,28,243.64,36,0.3770,Within1800
Inst_m4_n28_pi0.2_TF0.6_R0.4_9.txt,4,28,96.71,10,0.2559,Within1800
Inst_m4_n28_pi0.2_TF0.6_R0.4_10.txt,4,28,125.12,30,0.4840,Within1800
Inst_m4_n28_pi0.2_TF0.6_R0.6_1.txt,4,28,114.38,6,0.3633,Within1800
Inst_m4_n28_pi0.2_TF0.6_R0.6_2.txt,4,28,164.71,56,0.4807,Within1800
Inst_m4_n28_pi0.2_TF0.6_R0.6_3.txt,4,28,324.38,69,0.5700,Within1800
Inst_m4_n28_pi0.2_TF0.6_R0.6_4.txt,4,28,170.84,1,0.3711,Within1800
Inst_m4_n28_pi0.2_TF0.6_R0.6_5.txt,4,28,176.87,63,0.3443,Within1800
Inst_m4_n28_pi0.2_TF0.6_R0.6_6.txt,4,28,161.43,1,0.4659,Within1800
Inst_m4_n28_pi0.2_TF0.6_R0.6_7.txt,4,28,74.86,6,0.3425,Within1800
Inst_m4_n28_pi0.2_TF0.6_R0.6_8.txt,4,28,156.30,0,0.3510,Within1800
Inst_m4_n28_pi0.2_TF0.6_R0.6_9.txt,4,28,132.96,63,0.3336,Within1800
Inst_m4_n28_pi0.2_TF0.6_R0.6_10.txt,4,28,164.36,39,0.3865,Within1800
Inst_m4_n28_pi0.5_TF0.4_R0.4_1.txt,4,28,427.18,249,0.2585,Within1800
Inst_m4_n28_pi0.5_TF0.4_R0.4_2.txt,4,28,624.66,22,0.3450,Within1800
Inst_m4_n28_pi0.5_TF0.4_R0.4_3.txt,4,28,309.06,68,0.2616,Within1800
Inst_m4_n28_pi0.5_TF0.4_R0.4_4.txt,4,28,369.65,36,0.3669,Within1800
Inst_m4_n28_pi0.5_TF0.4_R0.4_5.txt,4,28,462.59,24,0.3237,Within1800
Inst_m4_n28_pi0.5_TF0.4_R0.4_6.txt,4,28,302.52,12,0.2286,Within1800
Inst_m4_n28_pi0.5_TF0.4_R0.4_7.txt,4,28,470.99,15,0.2733,Within1800
Inst_m4_n28_pi0.5_TF0.4_R0.4_8.txt,4,28,241.51,29,0.2571,Within1800
Inst_m4_n28_pi0.5_TF0.4_R0.4_9.txt,4,28,195.54,24,0.2389,Within1800
Inst_m4_n28_pi0.5_TF0.4_R0.4_10.txt,4,28,391.87,22,0.2628,Within1800
Inst_m4_n28_pi0.5_TF0.4_R0.6_1.txt,4,28,294.32,77,0.3531,Within1800
Inst_m4_n28_pi0.5_TF0.4_R0.6_2.txt,4,28,229.61,221,0.2486,Within1800
Inst_m4_n28_pi0.5_TF0.4_R0.6_3.txt,4,28,242.22,11,0.2712,Within1800
Inst_m4_n28_pi0.5_TF0.4_R0.6_4.txt,4,28,291.72,8,0.2582,Within1800
Inst_m4_n28_pi0.5_TF0.4_R0.6_5.txt,4,28,402.75,69,0.2688,Within1800
Inst_m4_n28_pi0.5_TF0.4_R0.6_6.txt,4,28,375.64,33,0.3334,Within1800
Inst_m4_n28_pi0.5_TF0.4_R0.6_7.txt,4,28,235.57,93,0.3931,Within1800
Inst_m4_n28_pi0.5_TF0.4_R0.6_8.txt,4,28,246.81,15,0.2625,Within1800
Inst_m4_n28_pi0.5_TF0.4_R0.6_9.txt,4,28,307.59,102,0.2889,Within1800
Inst_m4_n28_pi0.5_TF0.4_R0.6_10.txt,4,28,351.09,1,0.3038,Within1800
Inst_m4_n28_pi0.5_TF0.6_R0.4_1.txt,4,28,341.65,9,0.2998,Within1800
Inst_m4_n28_pi0.5_TF0.6_R0.4_2.txt,4,28,398.85,33,0.3977,Within1800
Inst_m4_n28_pi0.5_TF0.6_R0.4_3.txt,4,28,269.67,24,0.3023,Within1800
Inst_m4_n28_pi0.5_TF0.6_R0.4_4.txt,4,28,353.75,47,0.3960,Within1800
Inst_m4_n28_pi0.5_TF0.6_R0.4_5.txt,4,28,207.90,27,0.3101,Within1800
Inst_m4_n28_pi0.5_TF0.6_R0.4_6.txt,4,28,298.22,34,0.3123,Within1800
Inst_m4_n28_pi0.5_TF0.6_R0.4_7.txt,4,28,199.30,128,0.3502,Within1800
Inst_m4_n28_pi0.5_TF0.6_R0.4_8.txt,4,28,214.43,12,0.2405,Within1800
Inst_m4_n28_pi0.5_TF0.6_R0.4_9.txt,4,28,303.56,15,0.2295,Within1800
Inst_m4_n28_pi0.5_TF0.6_R0.4_10.txt,4,28,486.22,32,0.4006,Within1800
Inst_m4_n28_pi0.5_TF0.6_R0.6_1.txt,4,28,380.03,97,0.3462,Within1800
Inst_m4_n28_pi0.5_TF0.6_R0.6_2.txt,4,28,422.46,25,0.3449,Within1800
Inst_m4_n28_pi0.5_TF0.6_R0.6_3.txt,4,28,164.47,56,0.3521,Within1800
Inst_m4_n28_pi0.5_TF0.6_R0.6_4.txt,4,28,718.57,7,0.2721,Within1800
Inst_m4_n28_pi0.5_TF0.6_R0.6_5.txt,4,28,297.75,37,0.3240,Within1800
Inst_m4_n28_pi0.5_TF0.6_R0.6_6.txt,4,28,323.49,10,0.3145,Within1800
Inst_m4_n28_pi0.5_TF0.6_R0.6_7.txt,4,28,302.14,54,0.2910,Within1800
Inst_m4_n28_pi0.5_TF0.6_R0.6_8.txt,4,28,536.79,21,0.4195,Within1800
Inst_m4_n28_pi0.5_TF0.6_R0.6_9.txt,4,28,471.56,162,0.4433,Within1800
Inst_m4_n28_pi0.5_TF0.6_R0.6_10.txt,4,28,262.71,14,0.3323,Within1800
Inst_m4_n28_pi1.0_TF0.4_R0.4_1.txt,4,28,435.74,23,0.2656,Within1800
Inst_m4_n28_pi1.0_TF0.4_R0.4_2.txt,4,28,424.78,50,0.2769,Within1800
Inst_m4_n28_pi1.0_TF0.4_R0.4_3.txt,4,28,706.02,80,0.2833,Within1800
Inst_m4_n28_pi1.0_TF0.4_R0.4_4.txt,4,28,383.29,33,0.2301,Within1800
Inst_m4_n28_pi1.0_TF0.4_R0.4_5.txt,4,28,763.24,44,0.2067,Within1800
Inst_m4_n28_pi1.0_TF0.4_R0.4_6.txt,4,28,684.09,27,0.2288,Within1800
Inst_m4_n28_pi1.0_TF0.4_R0.4_7.txt,4,28,733.39,14,0.3760,Within1800
Inst_m4_n28_pi1.0_TF0.4_R0.4_8.txt,4,28,561.12,93,0.2841,Within1800
Inst_m4_n28_pi1.0_TF0.4_R0.4_9.txt,4,28,676.84,105,0.2763,Within1800
Inst_m4_n28_pi1.0_TF0.4_R0.4_10.txt,4,28,855.97,43,0.4134,Within1800
Inst_m4_n28_pi1.0_TF0.4_R0.6_1.txt,4,28,323.52,42,0.3189,Within1800
Inst_m4_n28_pi1.0_TF0.4_R0.6_2.txt,4,28,605.41,59,0.3045,Within1800
Inst_m4_n28_pi1.0_TF0.4_R0.6_3.txt,4,28,653.54,147,0.2571,Within1800
Inst_m4_n28_pi1.0_TF0.4_R0.6_4.txt,4,28,870.04,18,0.4319,Within1800
Inst_m4_n28_pi1.0_TF0.4_R0.6_5.txt,4,28,597.96,39,0.4438,Within1800
Inst_m4_n28_pi1.0_TF0.4_R0.6_6.txt,4,28,298.99,2,0.4660,Within1800
Inst_m4_n28_pi1.0_TF0.4_R0.6_7.txt,4,28,566.10,108,0.5079,Within1800
Inst_m4_n28_pi1.0_TF0.4_R0.6_8.txt,4,28,713.97,7,0.3584,Within1800
Inst_m4_n28_pi1.0_TF0.4_R0.6_9.txt,4,28,653.17,24,0.3272,Within1800
Inst_m4_n28_pi1.0_TF0.4_R0.6_10.txt,4,28,835.92,194,0.2634,Within1800
Inst_m4_n28_pi1.0_TF0.6_R0.4_1.txt,4,28,520.80,24,0.2675,Within1800
Inst_m4_n28_pi1.0_TF0.6_R0.4_2.txt,4,28,970.49,1,0.4681,Within1800
Inst_m4_n28_pi1.0_TF0.6_R0.4_3.txt,4,28,823.47,30,0.2791,Within1800
Inst_m4_n28_pi1.0_TF0.6_R0.4_4.txt,4,28,1287.90,2,0.4836,Within1800
Inst_m4_n28_pi1.0_TF0.6_R0.4_5.txt,4,28,685.34,65,0.3214,Within1800
Inst_m4_n28_pi1.0_TF0.6_R0.4_6.txt,4,28,347.90,3,0.2483,Within1800
Inst_m4_n28_pi1.0_TF0.6_R0.4_7.txt,4,28,537.74,43,0.2605,Within1800
Inst_m4_n28_pi1.0_TF0.6_R0.4_8.txt,4,28,576.63,29,0.5983,Within1800
Inst_m4_n28_pi1.0_TF0.6_R0.4_9.txt,4,28,481.25,77,0.2827,Within1800
Inst_m4_n28_pi1.0_TF0.6_R0.4_10.txt,4,28,505.40,82,0.2505,Within1800
Inst_m4_n28_pi1.0_TF0.6_R0.6_1.txt,4,28,579.12,13,0.4633,Within1800
Inst_m4_n28_pi1.0_TF0.6_R0.6_2.txt,4,28,633.80,0,0.3809,Within1800
Inst_m4_n28_pi1.0_TF0.6_R0.6_3.txt,4,28,628.24,16,0.3969,Within1800
Inst_m4_n28_pi1.0_TF0.6_R0.6_4.txt,4,28,674.24,4,0.3634,Within1800
Inst_m4_n28_pi1.0_TF0.6_R0.6_5.txt,4,28,630.02,22,0.4832,Within1800
Inst_m4_n28_pi1.0_TF0.6_R0.6_6.txt,4,28,1373.74,20,0.2985,Within1800
Inst_m4_n28_pi1.0_TF0.6_R0.6_7.txt,4,28,654.54,3,0.2996,Within1800
Inst_m4_n28_pi1.0_TF0.6_R0.6_8.txt,4,28,1066.64,69,0.2337,Within1800
Inst_m4_n28_pi1.0_TF0.6_R0.6_9.txt,4,28,760.57,116,0.4782,Within1800
Inst_m4_n28_pi1.0_TF0.6_R0.6_10.txt,4,28,385.63,115,0.4637,Within1800
Inst_m4_n28_pi2.0_TF0.4_R0.4_1.txt,4,28,2154.53,8,0.3588,Within1800
Inst_m4_n28_pi2.0_TF0.4_R0.4_2.txt,4,28,1241.15,49,0.3056,Within1800
Inst_m4_n28_pi2.0_TF0.4_R0.4_3.txt,4,28,757.82,67,0.2082,Within1800
Inst_m4_n28_pi2.0_TF0.4_R0.4_4.txt,4,28,1326.19,39,0.2529,Within1800
Inst_m4_n28_pi2.0_TF0.4_R0.4_5.txt,4,28,1409.73,69,0.2984,Within1800
Inst_m4_n28_pi2.0_TF0.4_R0.4_6.txt,4,28,707.27,39,0.2240,Within1800
Inst_m4_n28_pi2.0_TF0.4_R0.4_7.txt,4,28,481.23,13,0.3265,Within1800
Inst_m4_n28_pi2.0_TF0.4_R0.4_8.txt,4,28,1611.22,24,0.2236,Within1800
Inst_m4_n28_pi2.0_TF0.4_R0.4_9.txt,4,28,1196.59,31,0.2922,Within1800
Inst_m4_n28_pi2.0_TF0.4_R0.4_10.txt,4,28,1261.62,24,0.1969,Within1800
Inst_m4_n28_pi2.0_TF0.4_R0.6_1.txt,4,28,884.53,26,0.3755,Within1800
Inst_m4_n28_pi2.0_TF0.4_R0.6_2.txt,4,28,865.61,29,0.3325,Within1800
Inst_m4_n28_pi2.0_TF0.4_R0.6_3.txt,4,28,1607.61,16,0.2675,Within1800
Inst_m4_n28_pi2.0_TF0.4_R0.6_4.txt,4,28,725.67,133,0.2210,Within1800
Inst_m4_n28_pi2.0_TF0.4_R0.6_5.txt,4,28,1002.56,133,0.3442,Within1800
Inst_m4_n28_pi2.0_TF0.4_R0.6_6.txt,4,28,763.53,88,0.2613,Within1800
Inst_m4_n28_pi2.0_TF0.4_R0.6_7.txt,4,28,559.95,29,0.2691,Within1800
Inst_m4_n28_pi2.0_TF0.4_R0.6_8.txt,4,28,1422.06,94,0.2510,Within1800
Inst_m4_n28_pi2.0_TF0.4_R0.6_9.txt,4,28,704.26,179,0.3137,Within1800
Inst_m4_n28_pi2.0_TF0.4_R0.6_10.txt,4,28,1679.22,254,0.3331,Within1800
Inst_m4_n28_pi2.0_TF0.6_R0.4_1.txt,4,28,1494.78,654,0.4829,Within1800
Inst_m4_n28_pi2.0_TF0.6_R0.4_2.txt,4,28,1798.26,25,0.2417,Within1800
Inst_m4_n28_pi2.0_TF0.6_R0.4_3.txt,4,28,2128.59,355,0.3424,Within1800
Inst_m4_n28_pi2.0_TF0.6_R0.4_4.txt,4,28,1900.45,458,0.3583,Within1800
Inst_m4_n28_pi2.0_TF0.6_R0.4_5.txt,4,28,1758.23,240,0.2903,Within1800
Inst_m4_n28_pi2.0_TF0.6_R0.4_6.txt,4,28,2096.45,112,0.2278,Within1800
Inst_m4_n28_pi2.0_TF0.6_R0.4_7.txt,4,28,2267.62,492,0.3285,Within1800
Inst_m4_n28_pi2.0_TF0.6_R0.4_8.txt,4,28,637.87,480,0.3087,Within1800
Inst_m4_n28_pi2.0_TF0.6_R0.4_9.txt,4,28,2024.67,626,0.3725,Within1800
Inst_m4_n28_pi2.0_TF0.6_R0.4_10.txt,4,28,2393.03,529,0.3172,Within1800
Inst_m4_n28_pi2.0_TF0.6_R0.6_1.txt,4,28,1294.20,558,0.3295,Within1800
Inst_m4_n28_pi2.0_TF0.6_R0.6_2.txt,4,28,1370.54,612,0.3417,Within1800
Inst_m4_n28_pi2.0_TF0.6_R0.6_3.txt,4,28,1233.61,797,0.4427,Within1800
Inst_m4_n28_pi2.0_TF0.6_R0.6_4.txt,4,28,1077.97,780,0.3925,Within1800
Inst_m4_n28_pi2.0_TF0.6_R0.6_5.txt,4,28,1326.09,740,0.3559,Within1800
Inst_m4_n28_pi2.0_TF0.6_R0.6_6.txt,4,28,2096.59,741,0.3508,Within1800
Inst_m4_n28_pi2.0_TF0.6_R0.6_7.txt,4,28,1455.55,799,0.3845,Within1800
Inst_m4_n28_pi2.0_TF0.6_R0.6_8.txt,4,28,1161.68,817,0.4353,Within1800
Inst_m4_n28_pi2.0_TF0.6_R0.6_9.txt,4,28,921.30,776,0.3310,Within1800
Inst_m4_n28_pi2.0_TF0.6_R0.6_10.txt,4,28,1777.52,812,0.3967,Within1800
Inst_m5_n25_pi0.2_TF0.4_R0.4_1.txt,5,25,77.69,33,0.2956,Within1800
Inst_m5_n25_pi0.2_TF0.4_R0.4_2.txt,5,25,126.40,37,0.2975,Within1800
Inst_m5_n25_pi0.2_TF0.4_R0.4_3.txt,5,25,64.47,11,0.2623,Within1800
Inst_m5_n25_pi0.2_TF0.4_R0.4_4.txt,5,25,113.85,23,0.3548,Within1800
Inst_m5_n25_pi0.2_TF0.4_R0.4_5.txt,5,25,131.45,2,0.2510,Within1800
Inst_m5_n25_pi0.2_TF0.4_R0.4_6.txt,5,25,158.43,17,0.2407,Within1800
Inst_m5_n25_pi0.2_TF0.4_R0.4_7.txt,5,25,138.39,0,0.2357,Within1800
Inst_m5_n25_pi0.2_TF0.4_R0.4_8.txt,5,25,71.97,8,0.2494,Within1800
Inst_m5_n25_pi0.2_TF0.4_R0.4_9.txt,5,25,93.30,18,0.2767,Within1800
Inst_m5_n25_pi0.2_TF0.4_R0.4_10.txt,5,25,115.91,687,0.2231,Within1800
Inst_m5_n25_pi0.2_TF0.4_R0.6_1.txt,5,25,77.66,33,0.5369,Within1800
Inst_m5_n25_pi0.2_TF0.4_R0.6_2.txt,5,25,140.10,26,0.3389,Within1800
Inst_m5_n25_pi0.2_TF0.4_R0.6_3.txt,5,25,215.11,37,0.2976,Within1800
Inst_m5_n25_pi0.2_TF0.4_R0.6_4.txt,5,25,140.96,25,0.3381,Within1800
Inst_m5_n25_pi0.2_TF0.4_R0.6_5.txt,5,25,89.07,5,0.3109,Within1800
Inst_m5_n25_pi0.2_TF0.4_R0.6_6.txt,5,25,149.16,26,0.2437,Within1800
Inst_m5_n25_pi0.2_TF0.4_R0.6_7.txt,5,25,93.63,17,0.2409,Within1800
Inst_m5_n25_pi0.2_TF0.4_R0.6_8.txt,5,25,80.78,16,0.2402,Within1800
Inst_m5_n25_pi0.2_TF0.4_R0.6_9.txt,5,25,47.85,2,0.3586,Within1800
Inst_m5_n25_pi0.2_TF0.4_R0.6_10.txt,5,25,108.15,23,0.3144,Within1800
Inst_m5_n25_pi0.2_TF0.6_R0.4_1.txt,5,25,62.25,25,0.3557,Within1800
Inst_m5_n25_pi0.2_TF0.6_R0.4_2.txt,5,25,121.00,0,0.2356,Within1800
Inst_m5_n25_pi0.2_TF0.6_R0.4_3.txt,5,25,265.41,19,0.3290,Within1800
Inst_m5_n25_pi0.2_TF0.6_R0.4_4.txt,5,25,73.86,1,0.2507,Within1800
Inst_m5_n25_pi0.2_TF0.6_R0.4_5.txt,5,25,107.93,164,0.1926,Within1800
Inst_m5_n25_pi0.2_TF0.6_R0.4_6.txt,5,25,71.64,11,0.2826,Within1800
Inst_m5_n25_pi0.2_TF0.6_R0.4_7.txt,5,25,65.32,74,0.3245,Within1800
Inst_m5_n25_pi0.2_TF0.6_R0.4_8.txt,5,25,80.73,15,0.2043,Within1800
Inst_m5_n25_pi0.2_TF0.6_R0.4_9.txt,5,25,59.14,18,0.2049,Within1800
Inst_m5_n25_pi0.2_TF0.6_R0.4_10.txt,5,25,106.67,19,0.1908,Within1800
Inst_m5_n25_pi0.2_TF0.6_R0.6_1.txt,5,25,61.25,71,0.2480,Within1800
Inst_m5_n25_pi0.2_TF0.6_R0.6_2.txt,5,25,59.80,16,0.2127,Within1800
Inst_m5_n25_pi0.2_TF0.6_R0.6_3.txt,5,25,295.65,53,0.2591,Within1800
Inst_m5_n25_pi0.2_TF0.6_R0.6_4.txt,5,25,298.02,1,0.3281,Within1800
Inst_m5_n25_pi0.2_TF0.6_R0.6_5.txt,5,25,52.15,8,0.2550,Within1800
Inst_m5_n25_pi0.2_TF0.6_R0.6_6.txt,5,25,226.89,11,0.2416,Within1800
Inst_m5_n25_pi0.2_TF0.6_R0.6_7.txt,5,25,111.91,10,0.3463,Within1800
Inst_m5_n25_pi0.2_TF0.6_R0.6_8.txt,5,25,143.18,11,0.2017,Within1800
Inst_m5_n25_pi0.2_TF0.6_R0.6_9.txt,5,25,85.67,98,0.2697,Within1800
Inst_m5_n25_pi0.2_TF0.6_R0.6_10.txt,5,25,157.72,36,0.2384,Within1800
Inst_m5_n25_pi0.5_TF0.4_R0.4_1.txt,5,25,210.64,12,0.1985,Within1800
Inst_m5_n25_pi0.5_TF0.4_R0.4_2.txt,5,25,313.08,28,0.2676,Within1800
Inst_m5_n25_pi0.5_TF0.4_R0.4_3.txt,5,25,158.34,98,0.2295,Within1800
Inst_m5_n25_pi0.5_TF0.4_R0.4_4.txt,5,25,322.60,11,0.1738,Within1800
Inst_m5_n25_pi0.5_TF0.4_R0.4_5.txt,5,25,159.58,141,0.2813,Within1800
Inst_m5_n25_pi0.5_TF0.4_R0.4_6.txt,5,25,170.78,0,0.1719,Within1800
Inst_m5_n25_pi0.5_TF0.4_R0.4_7.txt,5,25,259.55,4,0.2134,Within1800
Inst_m5_n25_pi0.5_TF0.4_R0.4_8.txt,5,25,355.86,153,0.2224,Within1800
Inst_m5_n25_pi0.5_TF0.4_R0.4_9.txt,5,25,141.09,148,0.2055,Within1800
Inst_m5_n25_pi0.5_TF0.4_R0.4_10.txt,5,25,157.16,62,0.2220,Within1800
Inst_m5_n25_pi0.5_TF0.4_R0.6_1.txt,5,25,277.32,17,0.2745,Within1800
Inst_m5_n25_pi0.5_TF0.4_R0.6_2.txt,5,25,252.48,46,0.1999,Within1800
Inst_m5_n25_pi0.5_TF0.4_R0.6_3.txt,5,25,344.44,10,0.2587,Within1800
Inst_m5_n25_pi0.5_TF0.4_R0.6_4.txt,5,25,238.74,35,0.2326,Within1800
Inst_m5_n25_pi0.5_TF0.4_R0.6_5.txt,5,25,238.30,52,0.3258,Within1800
Inst_m5_n25_pi0.5_TF0.4_R0.6_6.txt,5,25,252.77,63,0.2648,Within1800
Inst_m5_n25_pi0.5_TF0.4_R0.6_7.txt,5,25,207.24,0,0.1839,Within1800
Inst_m5_n25_pi0.5_TF0.4_R0.6_8.txt,5,25,224.83,26,0.2218,Within1800
Inst_m5_n25_pi0.5_TF0.4_R0.6_9.txt,5,25,168.55,35,0.1676,Within1800
Inst_m5_n25_pi0.5_TF0.4_R0.6_10.txt,5,25,284.73,8,0.2317,Within1800
Inst_m5_n25_pi0.5_TF0.6_R0.4_1.txt,5,25,244.53,13,0.2564,Within1800
Inst_m5_n25_pi0.5_TF0.6_R0.4_2.txt,5,25,245.49,1,0.1856,Within1800
Inst_m5_n25_pi0.5_TF0.6_R0.4_3.txt,5,25,148.76,52,0.2865,Within1800
Inst_m5_n25_pi0.5_TF0.6_R0.4_4.txt,5,25,257.76,7,0.2589,Within1800
Inst_m5_n25_pi0.5_TF0.6_R0.4_5.txt,5,25,250.84,19,0.2838,Within1800
Inst_m5_n25_pi0.5_TF0.6_R0.4_6.txt,5,25,357.12,24,0.1462,Within1800
Inst_m5_n25_pi0.5_TF0.6_R0.4_7.txt,5,25,257.35,68,0.3064,Within1800
Inst_m5_n25_pi0.5_TF0.6_R0.4_8.txt,5,25,262.80,23,0.1681,Within1800
Inst_m5_n25_pi0.5_TF0.6_R0.4_9.txt,5,25,254.19,41,0.2360,Within1800
Inst_m5_n25_pi0.5_TF0.6_R0.4_10.txt,5,25,312.14,38,0.3105,Within1800
Inst_m5_n25_pi0.5_TF0.6_R0.6_1.txt,5,25,275.85,62,0.2903,Within1800
Inst_m5_n25_pi0.5_TF0.6_R0.6_2.txt,5,25,329.90,51,0.1697,Within1800
Inst_m5_n25_pi0.5_TF0.6_R0.6_3.txt,5,25,237.64,33,0.1884,Within1800
Inst_m5_n25_pi0.5_TF0.6_R0.6_4.txt,5,25,540.76,8,0.3796,Within1800
Inst_m5_n25_pi0.5_TF0.6_R0.6_5.txt,5,25,172.40,59,0.2603,Within1800
Inst_m5_n25_pi0.5_TF0.6_R0.6_6.txt,5,25,186.43,45,0.2155,Within1800
Inst_m5_n25_pi0.5_TF0.6_R0.6_7.txt,5,25,117.82,35,0.2012,Within1800
Inst_m5_n25_pi0.5_TF0.6_R0.6_8.txt,5,25,419.32,37,0.2071,Within1800
Inst_m5_n25_pi0.5_TF0.6_R0.6_9.txt,5,25,213.52,91,0.2697,Within1800
Inst_m5_n25_pi0.5_TF0.6_R0.6_10.txt,5,25,347.81,74,0.3065,Within1800
Inst_m5_n25_pi1.0_TF0.4_R0.4_1.txt,5,25,290.04,66,0.3972,Within1800
Inst_m5_n25_pi1.0_TF0.4_R0.4_2.txt,5,25,795.70,39,0.2080,Within1800
Inst_m5_n25_pi1.0_TF0.4_R0.4_3.txt,5,25,662.22,10,0.2057,Within1800
Inst_m5_n25_pi1.0_TF0.4_R0.4_4.txt,5,25,421.05,85,0.2828,Within1800
Inst_m5_n25_pi1.0_TF0.4_R0.4_5.txt,5,25,654.49,25,0.2073,Within1800
Inst_m5_n25_pi1.0_TF0.4_R0.4_6.txt,5,25,405.29,125,0.2967,Within1800
Inst_m5_n25_pi1.0_TF0.4_R0.4_7.txt,5,25,721.05,26,0.3250,Within1800
Inst_m5_n25_pi1.0_TF0.4_R0.4_8.txt,5,25,470.06,69,0.2011,Within1800
Inst_m5_n25_pi1.0_TF0.4_R0.4_9.txt,5,25,484.56,156,0.2629,Within1800
Inst_m5_n25_pi1.0_TF0.4_R0.4_10.txt,5,25,572.14,7,0.2060,Within1800
Inst_m5_n25_pi1.0_TF0.4_R0.6_1.txt,5,25,533.64,17,0.2554,Within1800
Inst_m5_n25_pi1.0_TF0.4_R0.6_2.txt,5,25,304.68,39,0.3346,Within1800
Inst_m5_n25_pi1.0_TF0.4_R0.6_3.txt,5,25,593.56,13,0.2517,Within1800
Inst_m5_n25_pi1.0_TF0.4_R0.6_4.txt,5,25,543.29,81,0.2820,Within1800
Inst_m5_n25_pi1.0_TF0.4_R0.6_5.txt,5,25,249.57,21,0.2120,Within1800
Inst_m5_n25_pi1.0_TF0.4_R0.6_6.txt,5,25,268.30,2,0.2955,Within1800
Inst_m5_n25_pi1.0_TF0.4_R0.6_7.txt,5,25,613.82,22,0.2478,Within1800
Inst_m5_n25_pi1.0_TF0.4_R0.6_8.txt,5,25,367.65,28,0.2466,Within1800
Inst_m5_n25_pi1.0_TF0.4_R0.6_9.txt,5,25,305.93,27,0.1823,Within1800
Inst_m5_n25_pi1.0_TF0.4_R0.6_10.txt,5,25,467.64,1,0.2666,Within1800
Inst_m5_n25_pi1.0_TF0.6_R0.4_1.txt,5,25,535.46,10,0.2549,Within1800
Inst_m5_n25_pi1.0_TF0.6_R0.4_2.txt,5,25,304.61,36,0.2225,Within1800
Inst_m5_n25_pi1.0_TF0.6_R0.4_3.txt,5,25,490.72,51,0.2722,Within1800
Inst_m5_n25_pi1.0_TF0.6_R0.4_4.txt,5,25,698.84,55,0.2001,Within1800
Inst_m5_n25_pi1.0_TF0.6_R0.4_5.txt,5,25,677.53,13,0.2887,Within1800
Inst_m5_n25_pi1.0_TF0.6_R0.4_6.txt,5,25,880.75,35,0.2356,Within1800
Inst_m5_n25_pi1.0_TF0.6_R0.4_7.txt,5,25,716.00,41,0.2361,Within1800
Inst_m5_n25_pi1.0_TF0.6_R0.4_8.txt,5,25,564.09,22,0.3690,Within1800
Inst_m5_n25_pi1.0_TF0.6_R0.4_9.txt,5,25,883.02,5,0.3428,Within1800
Inst_m5_n25_pi1.0_TF0.6_R0.4_10.txt,5,25,324.60,37,0.2552,Within1800
Inst_m5_n25_pi1.0_TF0.6_R0.6_1.txt,5,25,931.58,10,0.3066,Within1800
Inst_m5_n25_pi1.0_TF0.6_R0.6_2.txt,5,25,544.69,20,0.2291,Within1800
Inst_m5_n25_pi1.0_TF0.6_R0.6_3.txt,5,25,454.93,36,0.3350,Within1800
Inst_m5_n25_pi1.0_TF0.6_R0.6_4.txt,5,25,557.81,217,0.2787,Within1800
Inst_m5_n25_pi1.0_TF0.6_R0.6_5.txt,5,25,846.51,9,0.2929,Within1800
Inst_m5_n25_pi1.0_TF0.6_R0.6_6.txt,5,25,508.36,30,0.2946,Within1800
Inst_m5_n25_pi1.0_TF0.6_R0.6_7.txt,5,25,717.82,34,0.3635,Within1800
Inst_m5_n25_pi1.0_TF0.6_R0.6_8.txt,5,25,341.48,37,0.3607,Within1800
Inst_m5_n25_pi1.0_TF0.6_R0.6_9.txt,5,25,554.66,56,0.2954,Within1800
Inst_m5_n25_pi1.0_TF0.6_R0.6_10.txt,5,25,497.08,253,0.2264,Within1800
Inst_m5_n25_pi2.0_TF0.4_R0.4_1.txt,5,25,940.84,27,0.2454,Within1800
Inst_m5_n25_pi2.0_TF0.4_R0.4_2.txt,5,25,620.84,2,0.2189,Within1800
Inst_m5_n25_pi2.0_TF0.4_R0.4_3.txt,5,25,1235.71,55,0.3375,Within1800
Inst_m5_n25_pi2.0_TF0.4_R0.4_4.txt,5,25,933.56,17,0.2835,Within1800
Inst_m5_n25_pi2.0_TF0.4_R0.4_5.txt,5,25,796.14,30,0.2532,Within1800
Inst_m5_n25_pi2.0_TF0.4_R0.4_6.txt,5,25,706.34,10,0.2876,Within1800
Inst_m5_n25_pi2.0_TF0.4_R0.4_7.txt,5,25,742.31,54,0.2256,Within1800
Inst_m5_n25_pi2.0_TF0.4_R0.4_8.txt,5,25,586.21,17,0.2287,Within1800
Inst_m5_n25_pi2.0_TF0.4_R0.4_9.txt,5,25,933.68,33,0.3497,Within1800
Inst_m5_n25_pi2.0_TF0.4_R0.4_10.txt,5,25,520.53,47,0.1977,Within1800
Inst_m5_n25_pi2.0_TF0.4_R0.6_1.txt,5,25,632.51,49,0.1476,Within1800
Inst_m5_n25_pi2.0_TF0.4_R0.6_2.txt,5,25,848.77,144,0.2593,Within1800
Inst_m5_n25_pi2.0_TF0.4_R0.6_3.txt,5,25,1389.13,14,0.2978,Within1800
Inst_m5_n25_pi2.0_TF0.4_R0.6_4.txt,5,25,340.10,71,0.3042,Within1800
Inst_m5_n25_pi2.0_TF0.4_R0.6_5.txt,5,25,950.11,16,0.2133,Within1800
Inst_m5_n25_pi2.0_TF0.4_R0.6_6.txt,5,25,1450.44,11,0.2730,Within1800
Inst_m5_n25_pi2.0_TF0.4_R0.6_7.txt,5,25,557.23,34,0.1944,Within1800
Inst_m5_n25_pi2.0_TF0.4_R0.6_8.txt,5,25,1797.52,75,0.2546,Within1800
Inst_m5_n25_pi2.0_TF0.4_R0.6_9.txt,5,25,509.30,109,0.2606,Within1800
Inst_m5_n25_pi2.0_TF0.4_R0.6_10.txt,5,25,990.27,57,0.2626,Within1800
Inst_m5_n25_pi2.0_TF0.6_R0.4_1.txt,5,25,1380.91,101,0.2415,Within1800
Inst_m5_n25_pi2.0_TF0.6_R0.4_2.txt,5,25,1529.96,170,0.3120,Within1800
Inst_m5_n25_pi2.0_TF0.6_R0.4_3.txt,5,25,1476.83,276,0.3507,Within1800
Inst_m5_n25_pi2.0_TF0.6_R0.4_4.txt,5,25,999.75,149,0.2788,Within1800
Inst_m5_n25_pi2.0_TF0.6_R0.4_5.txt,5,25,466.30,203,0.3057,Within1800
Inst_m5_n25_pi2.0_TF0.6_R0.4_6.txt,5,25,834.60,212,0.3126,Within1800
Inst_m5_n25_pi2.0_TF0.6_R0.4_7.txt,5,25,1008.36,36,0.2114,Within1800
Inst_m5_n25_pi2.0_TF0.6_R0.4_8.txt,5,25,711.34,307,0.3332,Within1800
Inst_m5_n25_pi2.0_TF0.6_R0.4_9.txt,5,25,770.03,316,0.3383,Within1800
Inst_m5_n25_pi2.0_TF0.6_R0.4_10.txt,5,25,571.69,195,0.2613,Within1800
Inst_m5_n25_pi2.0_TF0.6_R0.6_1.txt,5,25,1536.36,97,0.2157,Within1800
Inst_m5_n25_pi2.0_TF0.6_R0.6_2.txt,5,25,1465.60,376,0.3564,Within1800
Inst_m5_n25_pi2.0_TF0.6_R0.6_3.txt,5,25,791.40,381,0.3572,Within1800
Inst_m5_n25_pi2.0_TF0.6_R0.6_4.txt,5,25,1182.27,329,0.3017,Within1800
Inst_m5_n25_pi2.0_TF0.6_R0.6_5.txt,5,25,1026.31,399,0.3118,Within1800
Inst_m5_n25_pi2.0_TF0.6_R0.6_6.txt,5,25,1039.73,424,0.3281,Within1800
Inst_m5_n25_pi2.0_TF0.6_R0.6_7.txt,5,25,1377.21,425,0.3149,Within1800
Inst_m5_n25_pi2.0_TF0.6_R0.6_8.txt,5,25,1973.98,398,0.2661,Within1800
Inst_m5_n25_pi2.0_TF0.6_R0.6_9.txt,5,25,1170.29,435,0.3182,Within1800
Inst_m5_n25_pi2.0_TF0.6_R0.6_10.txt,5,25,1547.98,435,0.2944,Within1800
Inst_m5_n35_pi0.2_TF0.4_R0.4_1.txt,5,35,114.74,61,0.4331,Within1800
Inst_m5_n35_pi0.2_TF0.4_R0.4_2.txt,5,35,146.52,3,0.4987,Within1800
Inst_m5_n35_pi0.2_TF0.4_R0.4_3.txt,5,35,115.24,37,0.5476,Within1800
Inst_m5_n35_pi0.2_TF0.4_R0.4_4.txt,5,35,152.73,95,0.4823,Within1800
Inst_m5_n35_pi0.2_TF0.4_R0.4_5.txt,5,35,138.00,47,0.5529,Within1800
Inst_m5_n35_pi0.2_TF0.4_R0.4_6.txt,5,35,137.90,8,0.6059,Within1800
Inst_m5_n35_pi0.2_TF0.4_R0.4_7.txt,5,35,145.12,10,0.6004,Within1800
Inst_m5_n35_pi0.2_TF0.4_R0.4_8.txt,5,35,194.04,106,0.4871,Within1800
Inst_m5_n35_pi0.2_TF0.4_R0.4_9.txt,5,35,138.62,848,0.3958,Within1800
Inst_m5_n35_pi0.2_TF0.4_R0.4_10.txt,5,35,124.46,51,0.6714,Within1800
Inst_m5_n35_pi0.2_TF0.4_R0.6_1.txt,5,35,180.63,34,0.5461,Within1800
Inst_m5_n35_pi0.2_TF0.4_R0.6_2.txt,5,35,164.59,164,0.7504,Within1800
Inst_m5_n35_pi0.2_TF0.4_R0.6_3.txt,5,35,182.16,7,0.5615,Within1800
Inst_m5_n35_pi0.2_TF0.4_R0.6_4.txt,5,35,113.51,41,0.4257,Within1800
Inst_m5_n35_pi0.2_TF0.4_R0.6_5.txt,5,35,97.99,19,0.6383,Within1800
Inst_m5_n35_pi0.2_TF0.4_R0.6_6.txt,5,35,111.96,25,0.5198,Within1800
Inst_m5_n35_pi0.2_TF0.4_R0.6_7.txt,5,35,135.66,57,0.5884,Within1800
Inst_m5_n35_pi0.2_TF0.4_R0.6_8.txt,5,35,106.33,71,0.5939,Within1800
Inst_m5_n35_pi0.2_TF0.4_R0.6_9.txt,5,35,90.70,7,0.5994,Within1800
Inst_m5_n35_pi0.2_TF0.4_R0.6_10.txt,5,35,123.41,38,0.5482,Within1800
Inst_m5_n35_pi0.2_TF0.6_R0.4_1.txt,5,35,93.41,34,0.5462,Within1800
Inst_m5_n35_pi0.2_TF0.6_R0.4_2.txt,5,35,94.75,16,0.6187,Within1800
Inst_m5_n35_pi0.2_TF0.6_R0.4_3.txt,5,35,93.20,107,0.4873,Within1800
Inst_m5_n35_pi0.2_TF0.6_R0.4_4.txt,5,35,255.47,160,0.7496,Within1800
Inst_m5_n35_pi0.2_TF0.6_R0.4_5.txt,5,35,193.67,6,0.5272,Within1800
Inst_m5_n35_pi0.2_TF0.6_R0.4_6.txt,5,35,77.88,106,1.0025,Within1800
Inst_m5_n35_pi0.2_TF0.6_R0.4_7.txt,5,35,138.09,53,0.7204,Within1800
Inst_m5_n35_pi0.2_TF0.6_R0.4_8.txt,5,35,147.38,26,0.5536,Within1800
Inst_m5_n35_pi0.2_TF0.6_R0.4_9.txt,5,35,174.81,7,0.5778,Within1800
Inst_m5_n35_pi0.2_TF0.6_R0.4_10.txt,5,35,169.44,138,0.4216,Within1800
Inst_m5_n35_pi0.2_TF0.6_R0.6_1.txt,5,35,148.94,90,0.6990,Within1800
Inst_m5_n35_pi0.2_TF0.6_R0.6_2.txt,5,35,162.44,235,0.4918,Within1800
Inst_m5_n35_pi0.2_TF0.6_R0.6_3.txt,5,35,238.85,191,0.2971,Within1800
Inst_m5_n35_pi0.2_TF0.6_R0.6_4.txt,5,35,119.98,42,0.5742,Within1800
Inst_m5_n35_pi0.2_TF0.6_R0.6_5.txt,5,35,188.00,34,0.5275,Within1800
Inst_m5_n35_pi0.2_TF0.6_R0.6_6.txt,5,35,170.50,29,0.4884,Within1800
Inst_m5_n35_pi0.2_TF0.6_R0.6_7.txt,5,35,190.86,34,0.5447,Within1800
Inst_m5_n35_pi0.2_TF0.6_R0.6_8.txt,5,35,65.38,33,0.4970,Within1800
Inst_m5_n35_pi0.2_TF0.6_R0.6_9.txt,5,35,191.25,25,0.9159,Within1800
Inst_m5_n35_pi0.2_TF0.6_R0.6_10.txt,5,35,103.87,57,0.5613,Within1800
Inst_m5_n35_pi0.5_TF0.4_R0.4_1.txt,5,35,351.00,29,0.5442,Within1800
Inst_m5_n35_pi0.5_TF0.4_R0.4_2.txt,5,35,389.31,43,0.6710,Within1800
Inst_m5_n35_pi0.5_TF0.4_R0.4_3.txt,5,35,434.68,5,0.4211,Within1800
Inst_m5_n35_pi0.5_TF0.4_R0.4_4.txt,5,35,329.95,18,0.4742,Within1800
Inst_m5_n35_pi0.5_TF0.4_R0.4_5.txt,5,35,335.58,35,0.5077,Within1800
Inst_m5_n35_pi0.5_TF0.4_R0.4_6.txt,5,35,713.70,102,0.5304,Within1800
Inst_m5_n35_pi0.5_TF0.4_R0.4_7.txt,5,35,281.58,67,0.4859,Within1800
Inst_m5_n35_pi0.5_TF0.4_R0.4_8.txt,5,35,405.46,44,0.5450,Within1800
Inst_m5_n35_pi0.5_TF0.4_R0.4_9.txt,5,35,265.06,101,0.5028,Within1800
Inst_m5_n35_pi0.5_TF0.4_R0.4_10.txt,5,35,252.04,11,0.4581,Within1800
Inst_m5_n35_pi0.5_TF0.4_R0.6_1.txt,5,35,129.37,21,0.4542,Within1800
Inst_m5_n35_pi0.5_TF0.4_R0.6_2.txt,5,35,420.81,3,0.4528,Within1800
Inst_m5_n35_pi0.5_TF0.4_R0.6_3.txt,5,35,349.49,21,0.4234,Within1800
Inst_m5_n35_pi0.5_TF0.4_R0.6_4.txt,5,35,422.49,60,0.5332,Within1800
Inst_m5_n35_pi0.5_TF0.4_R0.6_5.txt,5,35,442.89,79,0.6140,Within1800
Inst_m5_n35_pi0.5_TF0.4_R0.6_6.txt,5,35,149.12,22,0.5416,Within1800
Inst_m5_n35_pi0.5_TF0.4_R0.6_7.txt,5,35,198.24,7,0.5290,Within1800
Inst_m5_n35_pi0.5_TF0.4_R0.6_8.txt,5,35,336.21,76,0.5749,Within1800
Inst_m5_n35_pi0.5_TF0.4_R0.6_9.txt,5,35,345.87,22,0.4320,Within1800
Inst_m5_n35_pi0.5_TF0.4_R0.6_10.txt,5,35,290.41,81,0.5555,Within1800
Inst_m5_n35_pi0.5_TF0.6_R0.4_1.txt,5,35,325.76,45,0.7482,Within1800
Inst_m5_n35_pi0.5_TF0.6_R0.4_2.txt,5,35,443.40,63,0.5553,Within1800
Inst_m5_n35_pi0.5_TF0.6_R0.4_3.txt,5,35,271.37,20,0.4440,Within1800
Inst_m5_n35_pi0.5_TF0.6_R0.4_4.txt,5,35,249.42,1,0.4301,Within1800
Inst_m5_n35_pi0.5_TF0.6_R0.4_5.txt,5,35,267.95,73,0.3362,Within1800
Inst_m5_n35_pi0.5_TF0.6_R0.4_6.txt,5,35,419.90,20,0.5216,Within1800
Inst_m5_n35_pi0.5_TF0.6_R0.4_7.txt,5,35,579.41,49,0.5487,Within1800
Inst_m5_n35_pi0.5_TF0.6_R0.4_8.txt,5,35,152.28,34,0.5410,Within1800
Inst_m5_n35_pi0.5_TF0.6_R0.4_9.txt,5,35,188.78,52,0.5132,Within1800
Inst_m5_n35_pi0.5_TF0.6_R0.4_10.txt,5,35,561.91,67,0.5309,Within1800
Inst_m5_n35_pi0.5_TF0.6_R0.6_1.txt,5,35,462.14,27,0.5033,Within1800
Inst_m5_n35_pi0.5_TF0.6_R0.6_2.txt,5,35,583.65,8,0.6709,Within1800
Inst_m5_n35_pi0.5_TF0.6_R0.6_3.txt,5,35,274.95,25,0.4835,Within1800
Inst_m5_n35_pi0.5_TF0.6_R0.6_4.txt,5,35,378.23,24,0.8706,Within1800
Inst_m5_n35_pi0.5_TF0.6_R0.6_5.txt,5,35,266.99,71,0.5685,Within1800
Inst_m5_n35_pi0.5_TF0.6_R0.6_6.txt,5,35,313.41,14,0.5165,Within1800
Inst_m5_n35_pi0.5_TF0.6_R0.6_7.txt,5,35,263.59,0,0.8199,Within1800
Inst_m5_n35_pi0.5_TF0.6_R0.6_8.txt,5,35,313.39,41,0.5827,Within1800
Inst_m5_n35_pi0.5_TF0.6_R0.6_9.txt,5,35,351.96,67,0.5716,Within1800
Inst_m5_n35_pi0.5_TF0.6_R0.6_10.txt,5,35,381.15,20,0.8271,Within1800
Inst_m5_n35_pi1.0_TF0.4_R0.4_1.txt,5,35,515.86,16,0.4775,Within1800
Inst_m5_n35_pi1.0_TF0.4_R0.4_2.txt,5,35,709.76,228,0.3728,Within1800
Inst_m5_n35_pi1.0_TF0.4_R0.4_3.txt,5,35,772.15,6,0.4396,Within1800
Inst_m5_n35_pi1.0_TF0.4_R0.4_4.txt,5,35,393.57,7,0.4573,Within1800
Inst_m5_n35_pi1.0_TF0.4_R0.4_5.txt,5,35,516.25,39,0.5237,Within1800
Inst_m5_n35_pi1.0_TF0.4_R0.4_6.txt,5,35,632.54,1,0.3814,Within1800
Inst_m5_n35_pi1.0_TF0.4_R0.4_7.txt,5,35,474.29,84,0.4760,Within1800
Inst_m5_n35_pi1.0_TF0.4_R0.4_8.txt,5,35,620.72,5,0.3539,Within1800
Inst_m5_n35_pi1.0_TF0.4_R0.4_9.txt,5,35,885.98,37,0.4364,Within1800
Inst_m5_n35_pi1.0_TF0.4_R0.4_10.txt,5,35,491.27,111,0.4769,Within1800
Inst_m5_n35_pi1.0_TF0.4_R0.6_1.txt,5,35,632.99,60,0.5601,Within1800
Inst_m5_n35_pi1.0_TF0.4_R0.6_2.txt,5,35,524.01,47,0.6565,Within1800
Inst_m5_n35_pi1.0_TF0.4_R0.6_3.txt,5,35,1022.94,65,0.5486,Within1800
Inst_m5_n35_pi1.0_TF0.4_R0.6_4.txt,5,35,1054.81,107,0.3759,Within1800
Inst_m5_n35_pi1.0_TF0.4_R0.6_5.txt,5,35,426.77,13,0.5509,Within1800
Inst_m5_n35_pi1.0_TF0.4_R0.6_6.txt,5,35,500.32,103,0.4186,Within1800
Inst_m5_n35_pi1.0_TF0.4_R0.6_7.txt,5,35,435.86,31,0.5316,Within1800
Inst_m5_n35_pi1.0_TF0.4_R0.6_8.txt,5,35,270.38,52,0.6962,Within1800
Inst_m5_n35_pi1.0_TF0.4_R0.6_9.txt,5,35,484.08,6,0.4397,Within1800
Inst_m5_n35_pi1.0_TF0.4_R0.6_10.txt,5,35,956.98,49,0.4980,Within1800
Inst_m5_n35_pi1.0_TF0.6_R0.4_1.txt,5,35,521.64,14,0.4676,Within1800
Inst_m5_n35_pi1.0_TF0.6_R0.4_2.txt,5,35,396.62,2,0.4447,Within1800
Inst_m5_n35_pi1.0_TF0.6_R0.4_3.txt,5,35,577.70,8,0.4135,Within1800
Inst_m5_n35_pi1.0_TF0.6_R0.4_4.txt,5,35,495.92,85,0.5099,Within1800
Inst_m5_n35_pi1.0_TF0.6_R0.4_5.txt,5,35,426.53,4,0.4452,Within1800
Inst_m5_n35_pi1.0_TF0.6_R0.4_6.txt,5,35,639.71,114,0.4908,Within1800
Inst_m5_n35_pi1.0_TF0.6_R0.4_7.txt,5,35,579.11,126,0.6296,Within1800
Inst_m5_n35_pi1.0_TF0.6_R0.4_8.txt,5,35,603.45,172,0.5170,Within1800
Inst_m5_n35_pi1.0_TF0.6_R0.4_9.txt,5,35,518.00,142,0.6856,Within1800
Inst_m5_n35_pi1.0_TF0.6_R0.4_10.txt,5,35,522.09,89,0.7104,Within1800
Inst_m5_n35_pi1.0_TF0.6_R0.6_1.txt,5,35,826.08,112,0.4961,Within1800
Inst_m5_n35_pi1.0_TF0.6_R0.6_2.txt,5,35,1438.09,60,0.7224,Within1800
Inst_m5_n35_pi1.0_TF0.6_R0.6_3.txt,5,35,468.30,85,0.4879,Within1800
Inst_m5_n35_pi1.0_TF0.6_R0.6_4.txt,5,35,1002.75,52,0.6789,Within1800
Inst_m5_n35_pi1.0_TF0.6_R0.6_5.txt,5,35,1455.56,69,0.4577,Within1800
Inst_m5_n35_pi1.0_TF0.6_R0.6_6.txt,5,35,666.15,138,0.5029,Within1800
Inst_m5_n35_pi1.0_TF0.6_R0.6_7.txt,5,35,675.42,52,0.5408,Within1800
Inst_m5_n35_pi1.0_TF0.6_R0.6_8.txt,5,35,548.59,95,0.4903,Within1800
Inst_m5_n35_pi1.0_TF0.6_R0.6_9.txt,5,35,697.78,97,0.7715,Within1800
Inst_m5_n35_pi1.0_TF0.6_R0.6_10.txt,5,35,599.48,185,0.6899,Within1800
Inst_m5_n35_pi2.0_TF0.4_R0.4_1.txt,5,35,569.06,30,0.4802,Within1800
Inst_m5_n35_pi2.0_TF0.4_R0.4_2.txt,5,35,1221.64,33,0.5444,Within1800
Inst_m5_n35_pi2.0_TF0.4_R0.4_3.txt,5,35,1825.88,82,0.5063,Within1800
Inst_m5_n35_pi2.0_TF0.4_R0.4_4.txt,5,35,951.22,196,0.6406,Within1800
Inst_m5_n35_pi2.0_TF0.4_R0.4_5.txt,5,35,1075.08,42,0.4096,Within1800
Inst_m5_n35_pi2.0_TF0.4_R0.4_6.txt,5,35,1038.14,12,0.5457,Within1800
Inst_m5_n35_pi2.0_TF0.4_R0.4_7.txt,5,35,1092.18,59,0.5135,Within1800
Inst_m5_n35_pi2.0_TF0.4_R0.4_8.txt,5,35,1759.97,52,0.3799,Within1800
Inst_m5_n35_pi2.0_TF0.4_R0.4_9.txt,5,35,1554.84,2,0.6171,Within1800
Inst_m5_n35_pi2.0_TF0.4_R0.4_10.txt,5,35,1636.34,34,0.3887,Within1800
Inst_m5_n35_pi2.0_TF0.4_R0.6_1.txt,5,35,974.62,15,0.3274,Within1800
Inst_m5_n35_pi2.0_TF0.4_R0.6_2.txt,5,35,844.34,38,0.6326,Within1800
Inst_m5_n35_pi2.0_TF0.4_R0.6_3.txt,5,35,799.59,97,0.6852,Within1800
Inst_m5_n35_pi2.0_TF0.4_R0.6_4.txt,5,35,1609.00,135,0.5572,Within1800
Inst_m5_n35_pi2.0_TF0.4_R0.6_5.txt,5,35,1444.40,73,0.3978,Within1800
Inst_m5_n35_pi2.0_TF0.4_R0.6_6.txt,5,35,1343.71,233,0.6330,Within1800
Inst_m5_n35_pi2.0_TF0.4_R0.6_7.txt,5,35,1378.62,150,0.4105,Within1800
Inst_m5_n35_pi2.0_TF0.4_R0.6_8.txt,5,35,453.73,160,0.5569,Within1800
Inst_m5_n35_pi2.0_TF0.4_R0.6_9.txt,5,35,1593.06,354,0.6576,Within1800
Inst_m5_n35_pi2.0_TF0.4_R0.6_10.txt,5,35,853.62,61,0.4516,Within1800
Inst_m5_n35_pi2.0_TF0.6_R0.4_1.txt,5,35,1777.34,353,0.6279,Within1800
Inst_m5_n35_pi2.0_TF0.6_R0.4_2.txt,5,35,664.33,4,0.4311,Within1800
Inst_m5_n35_pi2.0_TF0.6_R0.4_3.txt,5,35,2017.00,320,0.5708,Within1800
Inst_m5_n35_pi2.0_TF0.6_R0.4_4.txt,5,35,571.62,245,0.5283,Within1800
Inst_m5_n35_pi2.0_TF0.6_R0.4_5.txt,5,35,550.81,532,0.7104,Within1800
Inst_m5_n35_pi2.0_TF0.6_R0.4_6.txt,5,35,1038.36,104,0.4240,Within1800
Inst_m5_n35_pi2.0_TF0.6_R0.4_7.txt,5,35,1649.27,401,0.5793,Within1800
Inst_m5_n35_pi2.0_TF0.6_R0.4_8.txt,5,35,1774.12,135,0.4157,Within1800
Inst_m5_n35_pi2.0_TF0.6_R0.4_9.txt,5,35,1902.41,354,0.5168,Within1800
Inst_m5_n35_pi2.0_TF0.6_R0.4_10.txt,5,35,1717.74,581,0.6848,Within1800
Inst_m5_n35_pi2.0_TF0.6_R0.6_1.txt,5,35,825.87,471,0.5779,Within1800
Inst_m5_n35_pi2.0_TF0.6_R0.6_2.txt,5,35,1510.57,472,0.5063,Within1800
Inst_m5_n35_pi2.0_TF0.6_R0.6_3.txt,5,35,1880.98,586,0.6041,Within1800
Inst_m5_n35_pi2.0_TF0.6_R0.6_4.txt,5,35,1111.31,629,0.6249,Within1800
Inst_m5_n35_pi2.0_TF0.6_R0.6_5.txt,5,35,1354.09,628,0.6093,Within1800
Inst_m5_n35_pi2.0_TF0.6_R0.6_6.txt,5,35,898.46,674,0.7086,Within1800
Inst_m5_n35_pi2.0_TF0.6_R0.6_7.txt,5,35,1737.40,617,0.5252,Within1800
Inst_m5_n35_pi2.0_TF0.6_R0.6_8.txt,5,35,1305.44,636,0.4862,Within1800
Inst_m5_n35_pi2.0_TF0.6_R0.6_9.txt,5,35,1258.21,696,0.6278,Within1800
Inst_m5_n35_pi2.0_TF0.6_R0.6_10.txt,5,35,947.77,700,0.6457,Within1800
